Entity,Code,Year,"Literacy rate, adult male (% of males ages 15 and above)"
Afghanistan,AFG,1979,30.307750701904297
Afghanistan,AFG,2011,45.41709899902344
Afghanistan,AFG,2021,52.06343078613281
Albania,ALB,2001,99.18760681152344
Albania,ALB,2008,97.30619812011719
Albania,ALB,2011,98.00816345214844
Albania,ALB,2012,98.35260772705078
Albania,ALB,2018,98.51361846923828
Algeria,DZA,1987,63.3774299621582
Algeria,DZA,2002,79.18669128417969
Algeria,DZA,2006,81.28404235839844
Algeria,DZA,2008,82.61583709716797
Algeria,DZA,2018,87.42295837402344
American Samoa,ASM,1980,97.46996307373047
Angola,AGO,2001,82.91986846923828
Angola,AGO,2014,79.97415161132812
Antigua and Barbuda,ATG,2001,98.4000015258789
Antigua and Barbuda,ATG,2011,98.4000015258789
Antigua and Barbuda,ATG,2015,98.4000015258789
Argentina,ARG,1980,94.26338958740234
Argentina,ARG,1991,96.17405700683594
Argentina,ARG,2001,97.19319915771484
Argentina,ARG,2006,98.72718811035156
Argentina,ARG,2009,98.96272277832031
Argentina,ARG,2010,98.98532104492188
Argentina,ARG,2011,99.22830963134766
Argentina,ARG,2012,99.11112976074219
Argentina,ARG,2013,99.1560287475586
Argentina,ARG,2014,99.06124877929688
Argentina,ARG,2015,99.14824676513672
Argentina,ARG,2016,99.10498809814453
Argentina,ARG,2018,98.93773651123047
Armenia,ARM,1989,99.40384674072266
Armenia,ARM,2001,99.67223358154297
Armenia,ARM,2011,99.80608367919922
Armenia,ARM,2017,99.80549621582031
Armenia,ARM,2020,99.84332275390625
Aruba,ABW,2000,97.53739929199219
Aruba,ABW,2010,96.9405288696289
Aruba,ABW,2018,97.80013275146484
Azerbaijan,AZE,1999,99.47241973876953
Azerbaijan,AZE,2007,99.82096862792969
Azerbaijan,AZE,2009,99.84266662597656
Azerbaijan,AZE,2010,99.85443878173828
Azerbaijan,AZE,2011,99.85665893554688
Azerbaijan,AZE,2012,99.85285186767578
Azerbaijan,AZE,2013,99.86592102050781
Azerbaijan,AZE,2014,99.86200714111328
Azerbaijan,AZE,2015,99.86263275146484
Azerbaijan,AZE,2016,99.86405181884766
Azerbaijan,AZE,2017,99.8637466430664
Azerbaijan,AZE,2019,99.86824035644531
Bahrain,BHR,1981,76.51837158203125
Bahrain,BHR,1991,88.53736877441406
Bahrain,BHR,2001,88.55410766601562
Bahrain,BHR,2010,92.14543914794922
Bangladesh,BGD,1981,39.7322998046875
Bangladesh,BGD,1991,44.31428146362305
Bangladesh,BGD,2001,53.89609146118164
Bangladesh,BGD,2007,49.83232879638672
Bangladesh,BGD,2011,62.48305892944336
Bangladesh,BGD,2012,61.542869567871094
Bangladesh,BGD,2013,64.2137680053711
Bangladesh,BGD,2014,64.3650894165039
Bangladesh,BGD,2015,68.05535888671875
Bangladesh,BGD,2016,75.61885070800781
Bangladesh,BGD,2017,75.70236206054688
Bangladesh,BGD,2018,76.66925811767578
Bangladesh,BGD,2019,77.44149017333984
Bangladesh,BGD,2020,77.81671142578125
Barbados,BRB,1970,99.2872314453125
Barbados,BRB,1984,99.5999984741211
Barbados,BRB,1994,99.5999984741211
Barbados,BRB,2004,99.5999984741211
Barbados,BRB,2014,99.5999984741211
Belarus,BLR,1989,99.3841781616211
Belarus,BLR,1999,99.79210662841797
Belarus,BLR,2009,99.76368713378906
Belarus,BLR,2019,99.87095642089844
Belize,BLZ,1991,70.26876831054688
Belize,BLZ,2000,76.68373107910156
Benin,BEN,1979,25.190059661865234
Benin,BEN,1992,39.9033203125
Benin,BEN,2002,47.86595916748047
Benin,BEN,2006,40.61616897583008
Benin,BEN,2012,44.96025848388672
Benin,BEN,2018,53.97703170776367
Bhutan,BTN,2005,65.04778289794922
Bhutan,BTN,2012,66.00305938720703
Bhutan,BTN,2017,75.01985168457031
Bolivia,BOL,1976,75.84288787841797
Bolivia,BOL,1992,88.15558624267578
Bolivia,BOL,2001,93.0574722290039
Bolivia,BOL,2007,96.03626251220703
Bolivia,BOL,2008,94.95542907714844
Bolivia,BOL,2009,95.80364227294922
Bolivia,BOL,2011,96.6010513305664
Bolivia,BOL,2012,97.10704803466797
Bolivia,BOL,2015,96.52275085449219
Bosnia and Herzegovina,BIH,1991,96.305419921875
Bosnia and Herzegovina,BIH,2000,99.03370666503906
Bosnia and Herzegovina,BIH,2011,99.54132843017578
Bosnia and Herzegovina,BIH,2013,99.17627716064453
Botswana,BWA,1991,65.3869400024414
Botswana,BWA,2003,80.43010711669922
Botswana,BWA,2013,86.12213897705078
Brazil,BRA,1980,76.37735748291016
Brazil,BRA,2000,86.22798156738281
Brazil,BRA,2004,88.40946197509766
Brazil,BRA,2006,89.35324096679688
Brazil,BRA,2007,89.77214050292969
Brazil,BRA,2008,89.8378677368164
Brazil,BRA,2009,90.17484283447266
Brazil,BRA,2010,90.05618286132812
Brazil,BRA,2011,91.16898345947266
Brazil,BRA,2012,91.02567291259766
Brazil,BRA,2013,91.17796325683594
Brazil,BRA,2014,91.36676788330078
Brazil,BRA,2015,91.72515869140625
Brazil,BRA,2016,92.57515716552734
Brazil,BRA,2017,92.89153289794922
Brazil,BRA,2018,93.00904083251953
Brunei,BRN,1981,85.13681030273438
Brunei,BRN,1991,92.45218658447266
Brunei,BRN,2001,95.15042114257812
Brunei,BRN,2011,97.42816162109375
Brunei,BRN,2018,98.05361938476562
Bulgaria,BGR,2001,98.73660278320312
Bulgaria,BGR,2011,98.74723052978516
Burkina Faso,BFA,1975,14.52849006652832
Burkina Faso,BFA,1991,19.626129150390625
Burkina Faso,BFA,1996,18.517789840698242
Burkina Faso,BFA,2003,29.36199951171875
Burkina Faso,BFA,2005,31.374549865722656
Burkina Faso,BFA,2006,29.714359283447266
Burkina Faso,BFA,2007,36.574798583984375
Burkina Faso,BFA,2014,44.379451751708984
Burkina Faso,BFA,2018,49.1727294921875
Burundi,BDI,1979,34.26271057128906
Burundi,BDI,1990,48.23625183105469
Burundi,BDI,2000,67.30693054199219
Burundi,BDI,2008,53.12839126586914
Burundi,BDI,2014,69.5872802734375
Burundi,BDI,2017,76.29605102539062
Cambodia,KHM,1998,79.482177734375
Cambodia,KHM,2004,84.68000793457031
Cambodia,KHM,2008,84.98745727539062
Cambodia,KHM,2009,83.93267822265625
Cambodia,KHM,2014,84.81414794921875
Cambodia,KHM,2015,86.53244018554688
Cameroon,CMR,1976,54.62984848022461
Cameroon,CMR,2000,79.19451904296875
Cameroon,CMR,2007,78.94995880126953
Cameroon,CMR,2010,78.32769012451172
Cameroon,CMR,2018,82.62803649902344
Cape Verde,CPV,1990,74.75926971435547
Cape Verde,CPV,2000,83.83760833740234
Cape Verde,CPV,2012,90.47450256347656
Cape Verde,CPV,2015,91.69143676757812
Cayman Islands,CYM,2007,98.7223892211914
Central African Republic,CAF,1975,29.592920303344727
Central African Republic,CAF,1988,48.020301818847656
Central African Republic,CAF,2000,66.7895278930664
Central African Republic,CAF,2010,50.712711334228516
Central African Republic,CAF,2018,49.514591217041016
Chad,TCD,1993,18.26059913635254
Chad,TCD,2000,40.82706069946289
Chad,TCD,2004,39.36825180053711
Chad,TCD,2015,38.9182014465332
Chad,TCD,2016,31.32879066467285
Chile,CHL,1982,91.48053741455078
Chile,CHL,1992,94.56307220458984
Chile,CHL,2002,95.7964096069336
Chile,CHL,2008,97.70249938964844
Chile,CHL,2009,97.88935852050781
Chile,CHL,2011,96.8987808227539
Chile,CHL,2013,96.38800811767578
Chile,CHL,2015,97.02468872070312
Chile,CHL,2017,96.48062896728516
China,CHN,1982,79.19178009033203
China,CHN,1990,87.02497863769531
China,CHN,2000,95.13524627685547
China,CHN,2010,97.47946166992188
China,CHN,2018,98.46653747558594
Colombia,COL,1993,90.97265625
Colombia,COL,1996,91.08910369873047
Colombia,COL,2004,92.90412139892578
Colombia,COL,2005,92.77794647216797
Colombia,COL,2006,92.3927993774414
Colombia,COL,2007,92.42970275878906
Colombia,COL,2008,93.31687927246094
Colombia,COL,2009,93.06253814697266
Colombia,COL,2010,93.25019073486328
Colombia,COL,2011,93.4882583618164
Colombia,COL,2014,93.86740112304688
Colombia,COL,2015,94.06317138671875
Colombia,COL,2016,94.40228271484375
Colombia,COL,2018,94.8518295288086
Colombia,COL,2019,95.0158920288086
Colombia,COL,2020,95.38252258300781
Comoros,COM,1980,55.9770393371582
Comoros,COM,2000,74.5140380859375
Comoros,COM,2012,56.479801177978516
Comoros,COM,2018,64.64420318603516
Congo,COG,1984,71.32911682128906
Congo,COG,2005,86.0498275756836
Congo,COG,2011,86.43431091308594
Congo,COG,2018,86.07650756835938
Costa Rica,CRI,1984,92.68213653564453
Costa Rica,CRI,2000,94.65017700195312
Costa Rica,CRI,2011,97.30632781982422
Costa Rica,CRI,2018,97.80235290527344
Cote d'Ivoire,CIV,1988,44.36354064941406
Cote d'Ivoire,CIV,1998,43.94641876220703
Cote d'Ivoire,CIV,2000,60.860660552978516
Cote d'Ivoire,CIV,2012,51.59267044067383
Cote d'Ivoire,CIV,2014,50.701900482177734
Cote d'Ivoire,CIV,2019,93.14134979248047
Croatia,HRV,1991,98.7570571899414
Croatia,HRV,2001,99.32058715820312
Croatia,HRV,2011,99.62970733642578
Cuba,CUB,2002,99.80731201171875
Cuba,CUB,2012,99.70606231689453
Cyprus,CYP,1992,97.8305892944336
Cyprus,CYP,2001,98.63104248046875
Cyprus,CYP,2011,99.28614807128906
Democratic Republic of Congo,COD,2001,80.9232406616211
Democratic Republic of Congo,COD,2007,76.91568756103516
Democratic Republic of Congo,COD,2012,87.90838623046875
Democratic Republic of Congo,COD,2016,88.52468872070312
Dominican Republic,DOM,1981,73.59024810791016
Dominican Republic,DOM,2002,86.81101989746094
Dominican Republic,DOM,2007,88.21015167236328
Dominican Republic,DOM,2010,89.37703704833984
Dominican Republic,DOM,2011,89.9850082397461
Dominican Republic,DOM,2012,90.08482360839844
Dominican Republic,DOM,2013,90.4581298828125
Dominican Republic,DOM,2014,91.37159729003906
Dominican Republic,DOM,2015,91.65071105957031
Dominican Republic,DOM,2016,93.7936019897461
East Asia and Pacific,,1976,78.20234680175781
East Asia and Pacific,,1977,78.33067321777344
East Asia and Pacific,,1978,79.06810760498047
East Asia and Pacific,,1979,79.78330993652344
East Asia and Pacific,,1980,80.0830307006836
East Asia and Pacific,,1981,81.20487213134766
East Asia and Pacific,,1982,81.75029754638672
East Asia and Pacific,,1983,82.53531646728516
East Asia and Pacific,,1984,83.18565368652344
East Asia and Pacific,,1985,83.8027114868164
East Asia and Pacific,,1986,84.39405059814453
East Asia and Pacific,,1987,85.3372573852539
East Asia and Pacific,,1988,87.95520782470703
East Asia and Pacific,,1989,88.3482894897461
East Asia and Pacific,,1990,88.04427337646484
East Asia and Pacific,,1991,89.0538101196289
East Asia and Pacific,,1992,89.38069152832031
East Asia and Pacific,,1993,89.64363861083984
East Asia and Pacific,,1994,90.01883697509766
East Asia and Pacific,,1995,90.38581085205078
East Asia and Pacific,,1996,90.7060317993164
East Asia and Pacific,,1997,93.61598205566406
East Asia and Pacific,,1998,93.81707763671875
East Asia and Pacific,,1999,94.0335464477539
East Asia and Pacific,,2000,94.2477798461914
East Asia and Pacific,,2001,94.46381378173828
East Asia and Pacific,,2002,94.6950912475586
East Asia and Pacific,,2003,94.90882110595703
East Asia and Pacific,,2004,95.16380310058594
East Asia and Pacific,,2005,95.41105651855469
East Asia and Pacific,,2006,95.6749496459961
East Asia and Pacific,,2007,96.23483276367188
East Asia and Pacific,,2008,96.3862075805664
East Asia and Pacific,,2009,96.54425048828125
East Asia and Pacific,,2010,96.49983978271484
East Asia and Pacific,,2011,96.27581024169922
East Asia and Pacific,,2012,96.42973327636719
East Asia and Pacific,,2013,96.50325775146484
East Asia and Pacific,,2014,96.81269836425781
East Asia and Pacific,,2015,97.00192260742188
East Asia and Pacific,,2016,97.07460021972656
East Asia and Pacific,,2017,97.189453125
East Asia and Pacific,,2018,97.26097869873047
East Asia and Pacific,,2019,97.3468017578125
East Asia and Pacific,,2020,97.4283676147461
Ecuador,ECU,1982,86.78697204589844
Ecuador,ECU,1990,90.49677276611328
Ecuador,ECU,2001,92.32713317871094
Ecuador,ECU,2007,93.38919830322266
Ecuador,ECU,2008,93.74945068359375
Ecuador,ECU,2009,93.66378021240234
Ecuador,ECU,2010,93.3168716430664
Ecuador,ECU,2011,93.05252075195312
Ecuador,ECU,2012,93.25424194335938
Ecuador,ECU,2013,94.42572784423828
Ecuador,ECU,2014,95.25717163085938
Ecuador,ECU,2015,95.7262191772461
Ecuador,ECU,2016,95.44502258300781
Ecuador,ECU,2017,93.77906036376953
Ecuador,ECU,2020,94.81250762939453
Egypt,EGY,1976,53.61518859863281
Egypt,EGY,1986,56.976158142089844
Egypt,EGY,1996,67.15177917480469
Egypt,EGY,2005,77.9101333618164
Egypt,EGY,2006,74.6218032836914
Egypt,EGY,2010,80.26864624023438
Egypt,EGY,2012,81.6792221069336
Egypt,EGY,2013,81.69406127929688
Egypt,EGY,2017,76.4952163696289
El Salvador,SLV,1992,77.3724136352539
El Salvador,SLV,2006,86.69534301757812
El Salvador,SLV,2007,84.86406707763672
El Salvador,SLV,2008,87.05467987060547
El Salvador,SLV,2009,86.82521057128906
El Salvador,SLV,2010,87.09970092773438
El Salvador,SLV,2011,88.39164733886719
El Salvador,SLV,2013,89.2350082397461
El Salvador,SLV,2015,90.00994110107422
El Salvador,SLV,2016,90.29927062988281
El Salvador,SLV,2017,90.63137817382812
El Salvador,SLV,2018,91.10234069824219
El Salvador,SLV,2019,91.30619812011719
Equatorial Guinea,GNQ,2000,94.84261322021484
Equatorial Guinea,GNQ,2010,97.18399810791016
Eritrea,ERI,2002,65.39012145996094
Eritrea,ERI,2008,75.0724105834961
Eritrea,ERI,2018,84.37323760986328
Estonia,EST,1989,99.8759765625
Estonia,EST,2000,99.77594757080078
Estonia,EST,2011,99.85897827148438
Eswatini,SWZ,1976,57.38439178466797
Eswatini,SWZ,1986,69.6834716796875
Eswatini,SWZ,2000,83.15461730957031
Eswatini,SWZ,2010,83.900146484375
Eswatini,SWZ,2018,88.28758239746094
Ethiopia,ETH,1994,35.98252868652344
Ethiopia,ETH,2004,50
Ethiopia,ETH,2005,41.93661880493164
Ethiopia,ETH,2007,49.13465881347656
Ethiopia,ETH,2017,59.241458892822266
Europe and Central Asia,,1994,97.38619995117188
Europe and Central Asia,,1995,97.46138000488281
Europe and Central Asia,,1996,97.5425033569336
Europe and Central Asia,,1997,97.6099624633789
Europe and Central Asia,,1998,97.63925170898438
Europe and Central Asia,,1999,97.6972885131836
Europe and Central Asia,,2000,97.78117370605469
Europe and Central Asia,,2001,97.84101104736328
Europe and Central Asia,,2002,97.9929428100586
Europe and Central Asia,,2003,98.04695892333984
Europe and Central Asia,,2004,98.10955047607422
Europe and Central Asia,,2005,98.10736846923828
Europe and Central Asia,,2006,98.23796081542969
Europe and Central Asia,,2007,98.20297241210938
Europe and Central Asia,,2008,98.33145141601562
Europe and Central Asia,,2009,98.32095336914062
Europe and Central Asia,,2010,98.40117645263672
Europe and Central Asia,,2011,98.57864379882812
Europe and Central Asia,,2012,98.6338882446289
Europe and Central Asia,,2013,98.6768798828125
Europe and Central Asia,,2014,98.70462036132812
Europe and Central Asia,,2015,98.73574829101562
Europe and Central Asia,,2016,98.7805404663086
Europe and Central Asia,,2017,98.79834747314453
Europe and Central Asia,,2018,98.8318862915039
Europe and Central Asia,,2019,98.86026000976562
Gabon,GAB,1993,79.44418334960938
Gabon,GAB,2012,84.87329864501953
Gabon,GAB,2018,85.85234832763672
Gambia,GMB,2000,48.98115158081055
Gambia,GMB,2013,51.41804122924805
Gambia,GMB,2015,61.767250061035156
Georgia,GEO,2002,99.76898193359375
Georgia,GEO,2014,99.668212890625
Georgia,GEO,2017,99.4375228881836
Georgia,GEO,2019,99.68112182617188
Ghana,GHA,2000,66.35128021240234
Ghana,GHA,2010,78.34890747070312
Ghana,GHA,2018,83.52458190917969
Greece,GRC,1981,96.06379699707031
Greece,GRC,1991,96.03746032714844
Greece,GRC,2001,97.81121826171875
Greece,GRC,2005,95.45005798339844
Greece,GRC,2007,96.1575698852539
Greece,GRC,2009,96.06622314453125
Greece,GRC,2011,98.28215789794922
Greece,GRC,2018,98.50704956054688
Grenada,GRD,1970,98.04715728759766
Grenada,GRD,1984,98.58000183105469
Grenada,GRD,1994,98.58000183105469
Grenada,GRD,2004,98.58000183105469
Grenada,GRD,2014,98.58000183105469
Guam,GUM,1980,96.38265991210938
Guam,GUM,1990,99.41710662841797
Guatemala,GTM,1994,71.70639038085938
Guatemala,GTM,2002,75.41558074951172
Guatemala,GTM,2012,84.8487319946289
Guatemala,GTM,2013,82.7206802368164
Guatemala,GTM,2014,86.75615692138672
Guatemala,GTM,2018,85.34117889404297
Guinea,GIN,1996,32.89533996582031
Guinea,GIN,2003,42.903160095214844
Guinea,GIN,2010,36.789791107177734
Guinea,GIN,2014,43.64009094238281
Guinea,GIN,2018,54.43117141723633
Guinea-Bissau,GNB,1979,33.34894943237305
Guinea-Bissau,GNB,2000,57.61375045776367
Guinea-Bissau,GNB,2014,62.1579704284668
Guyana,GUY,2009,82.43656158447266
Guyana,GUY,2014,86.31437683105469
Haiti,HTI,1982,37.12974166870117
Haiti,HTI,2003,63.09001922607422
Haiti,HTI,2006,53.35504913330078
Haiti,HTI,2016,65.27764892578125
Honduras,HND,2001,79.78523254394531
Honduras,HND,2007,83.74603271484375
Honduras,HND,2010,84.78900909423828
Honduras,HND,2011,85.34127807617188
Honduras,HND,2012,85.69619750976562
Honduras,HND,2013,85.66837310791016
Honduras,HND,2014,87.39595031738281
Honduras,HND,2015,87.92208099365234
Honduras,HND,2016,89.04894256591797
Honduras,HND,2018,87.13764190673828
Honduras,HND,2019,88.2496337890625
Hungary,HUN,1980,99.30319213867188
Hungary,HUN,2014,99.16000366210938
India,IND,1981,54.84101867675781
India,IND,1991,61.64191818237305
India,IND,2001,73.41185760498047
India,IND,2006,75.19190216064453
India,IND,2011,78.87722778320312
India,IND,2018,82.36670684814453
Indonesia,IDN,1980,77.4749984741211
Indonesia,IDN,1990,88.02452087402344
Indonesia,IDN,2004,94.03507995605469
Indonesia,IDN,2006,95.15853881835938
Indonesia,IDN,2008,95.38318634033203
Indonesia,IDN,2009,95.64701080322266
Indonesia,IDN,2011,95.5910873413086
Indonesia,IDN,2014,96.79100799560547
Indonesia,IDN,2015,97.10652160644531
Indonesia,IDN,2016,97.1744384765625
Indonesia,IDN,2018,97.33133697509766
Indonesia,IDN,2020,97.44931030273438
Iran,IRN,1976,48.18333053588867
Iran,IRN,1986,63.09954833984375
Iran,IRN,1991,74.27448272705078
Iran,IRN,1996,79.87161254882812
Iran,IRN,2002,83.5
Iran,IRN,2005,88.01032257080078
Iran,IRN,2006,87.27218627929688
Iran,IRN,2008,88.17703247070312
Iran,IRN,2012,88.87982177734375
Iran,IRN,2013,89.54248046875
Iran,IRN,2014,89.63542175292969
Iran,IRN,2016,90.35240936279297
Iraq,IRQ,2000,84.08740997314453
Iraq,IRQ,2012,85.9000015258789
Iraq,IRQ,2013,81.4000015258789
Iraq,IRQ,2014,90
Iraq,IRQ,2016,90
Iraq,IRQ,2017,91.19999694824219
Israel,ISR,1983,94.9634017944336
Italy,ITA,1981,97.46465301513672
Italy,ITA,2001,98.82369232177734
Italy,ITA,2011,99.14100646972656
Italy,ITA,2018,99.35344696044922
Jamaica,JAM,1999,74.08184051513672
Jamaica,JAM,2014,83.44000244140625
Jordan,JOR,1979,80.48261260986328
Jordan,JOR,2003,95.08450317382812
Jordan,JOR,2005,95.17645263671875
Jordan,JOR,2007,95.49455261230469
Jordan,JOR,2010,95.76724243164062
Jordan,JOR,2011,97.74835968017578
Jordan,JOR,2012,98.4445571899414
Jordan,JOR,2018,98.61421203613281
Kazakhstan,KAZ,1989,99.07195281982422
Kazakhstan,KAZ,1999,99.76329803466797
Kazakhstan,KAZ,2009,99.78624725341797
Kazakhstan,KAZ,2010,99.82968139648438
Kazakhstan,KAZ,2018,99.82968139648438
Kenya,KEN,2000,87.49465942382812
Kenya,KEN,2007,78.07914733886719
Kenya,KEN,2014,83.77803039550781
Kenya,KEN,2018,84.98883056640625
Kuwait,KWT,1975,68.02863311767578
Kuwait,KWT,1980,72.78765106201172
Kuwait,KWT,1985,78.19730377197266
Kuwait,KWT,1995,81.1209487915039
Kuwait,KWT,2005,94.44603729248047
Kuwait,KWT,2006,94.52522277832031
Kuwait,KWT,2007,94.7945785522461
Kuwait,KWT,2008,95.01587677001953
Kuwait,KWT,2010,95.5453109741211
Kuwait,KWT,2012,95.8397216796875
Kuwait,KWT,2013,96.35418701171875
Kuwait,KWT,2015,96.39225006103516
Kuwait,KWT,2017,96.6971435546875
Kuwait,KWT,2018,96.66645812988281
Kuwait,KWT,2020,97.05384826660156
Kyrgyzstan,KGZ,1999,99.30670928955078
Kyrgyzstan,KGZ,2009,99.51879119873047
Kyrgyzstan,KGZ,2018,99.67700958251953
Laos,LAO,1995,73.48625183105469
Laos,LAO,2000,81.36018371582031
Laos,LAO,2001,77.00605773925781
Laos,LAO,2005,82.45175170898438
Laos,LAO,2011,67.35858154296875
Laos,LAO,2015,89.9612808227539
Latin America and Caribbean,,1974,81.78047180175781
Latin America and Caribbean,,1975,81.77266693115234
Latin America and Caribbean,,1976,82.01119232177734
Latin America and Caribbean,,1977,82.2880630493164
Latin America and Caribbean,,1978,82.58750915527344
Latin America and Caribbean,,1979,82.84747314453125
Latin America and Caribbean,,1980,82.9923095703125
Latin America and Caribbean,,1981,83.31977844238281
Latin America and Caribbean,,1982,83.55766296386719
Latin America and Caribbean,,1983,83.82872772216797
Latin America and Caribbean,,1984,84.06836700439453
Latin America and Caribbean,,1985,84.30011749267578
Latin America and Caribbean,,1986,84.52655029296875
Latin America and Caribbean,,1987,84.81236267089844
Latin America and Caribbean,,1988,85.17521667480469
Latin America and Caribbean,,1989,85.4919204711914
Latin America and Caribbean,,1990,85.67778778076172
Latin America and Caribbean,,1991,86.23394775390625
Latin America and Caribbean,,1992,86.81099700927734
Latin America and Caribbean,,1993,87.40007019042969
Latin America and Caribbean,,1994,87.96925354003906
Latin America and Caribbean,,1995,88.55445098876953
Latin America and Caribbean,,1996,88.82405090332031
Latin America and Caribbean,,1997,89.09916687011719
Latin America and Caribbean,,1998,89.50546264648438
Latin America and Caribbean,,1999,89.74376678466797
Latin America and Caribbean,,2000,89.91271209716797
Latin America and Caribbean,,2001,90.08354949951172
Latin America and Caribbean,,2002,90.12892150878906
Latin America and Caribbean,,2003,90.84777069091797
Latin America and Caribbean,,2004,90.8082504272461
Latin America and Caribbean,,2005,91.24443054199219
Latin America and Caribbean,,2006,91.41100311279297
Latin America and Caribbean,,2007,91.83344268798828
Latin America and Caribbean,,2008,92.05264282226562
Latin America and Caribbean,,2009,92.4368896484375
Latin America and Caribbean,,2010,92.23753356933594
Latin America and Caribbean,,2011,92.86583709716797
Latin America and Caribbean,,2012,92.9891586303711
Latin America and Caribbean,,2013,93.01265716552734
Latin America and Caribbean,,2014,93.41484832763672
Latin America and Caribbean,,2015,93.63179779052734
Latin America and Caribbean,,2016,94.09821319580078
Latin America and Caribbean,,2017,94.19429779052734
Latin America and Caribbean,,2018,94.30992889404297
Latin America and Caribbean,,2019,94.71642303466797
Latin America and Caribbean,,2020,94.85743713378906
Latvia,LVA,1989,99.75433349609375
Latvia,LVA,2000,99.79334259033203
Latvia,LVA,2011,99.881103515625
Latvia,LVA,2018,99.86837005615234
Lebanon,LBN,2007,93.37893676757812
Lebanon,LBN,2009,94.2719497680664
Lebanon,LBN,2018,96.85466003417969
Lesotho,LSO,2000,79.99578094482422
Lesotho,LSO,2009,65.52195739746094
Lesotho,LSO,2014,67.74746704101562
Liberia,LBR,1984,44.87931823730469
Liberia,LBR,2007,60.774810791015625
Liberia,LBR,2017,62.69655990600586
Libya,LBY,1984,76.99263000488281
Libya,LBY,1994,87.72000122070312
Libya,LBY,2004,93.8499984741211
Lithuania,LTU,1989,99.2068099975586
Lithuania,LTU,2001,99.64315032958984
Lithuania,LTU,2011,99.794189453125
Low and middle income,,1975,69.6901626586914
Low and middle income,,1976,69.77764129638672
Low and middle income,,1977,70.05045318603516
Low and middle income,,1978,70.58589172363281
Low and middle income,,1979,71.0967788696289
Low and middle income,,1980,71.42711639404297
Low and middle income,,1981,71.95735931396484
Low and middle income,,1982,72.5679702758789
Low and middle income,,1983,73.1135482788086
Low and middle income,,1984,73.65425109863281
Low and middle income,,1985,74.14932250976562
Low and middle income,,1986,74.60962677001953
Low and middle income,,1987,75.24546813964844
Low and middle income,,1988,76.91175842285156
Low and middle income,,1989,77.32975769042969
Low and middle income,,1990,77.4639663696289
Low and middle income,,1991,77.97428131103516
Low and middle income,,1992,78.6162109375
Low and middle income,,1993,79.1029281616211
Low and middle income,,1994,79.50238037109375
Low and middle income,,1995,79.86682891845703
Low and middle income,,1996,80.23690795898438
Low and middle income,,1997,81.78076934814453
Low and middle income,,1998,83.31349182128906
Low and middle income,,1999,83.60167694091797
Low and middle income,,2000,83.7342300415039
Low and middle income,,2001,83.96865844726562
Low and middle income,,2002,84.37142944335938
Low and middle income,,2003,84.95117950439453
Low and middle income,,2004,85.36943054199219
Low and middle income,,2005,85.36216735839844
Low and middle income,,2006,85.39604949951172
Low and middle income,,2007,85.52165222167969
Low and middle income,,2008,86.0474624633789
Low and middle income,,2009,86.28910827636719
Low and middle income,,2010,86.40489959716797
Low and middle income,,2011,86.5135726928711
Low and middle income,,2012,87.00079345703125
Low and middle income,,2013,87.17633819580078
Low and middle income,,2014,87.48657989501953
Low and middle income,,2015,87.61551666259766
Low and middle income,,2016,88.04625701904297
Low and middle income,,2017,88.1933822631836
Low and middle income,,2018,88.16671752929688
Low and middle income,,2019,88.3621826171875
Low and middle income,,2020,88.52448272705078
Low income,,1988,56.63087844848633
Low income,,1989,57.020389556884766
Low income,,1990,57.40298843383789
Low income,,1991,57.485321044921875
Low income,,1992,57.70362091064453
Low income,,1993,57.91082000732422
Low income,,1994,58.30432891845703
Low income,,1995,58.45643997192383
Low income,,1996,58.682071685791016
Low income,,1997,59.2900505065918
Low income,,1998,59.91957092285156
Low income,,1999,60.404991149902344
Low income,,2000,60.3124885559082
Low income,,2001,60.8821907043457
Low income,,2002,62.63058853149414
Low income,,2003,62.89712142944336
Low income,,2004,64.7358627319336
Low income,,2005,63.625648498535156
Low income,,2006,61.842071533203125
Low income,,2007,62.843021392822266
Low income,,2008,63.18724060058594
Low income,,2009,63.7678108215332
Low income,,2010,63.926841735839844
Low income,,2011,65.38520050048828
Low income,,2012,65.76844787597656
Low income,,2013,66.63993072509766
Low income,,2014,66.9662094116211
Low income,,2015,67.25321960449219
Low income,,2016,67.60968780517578
Low income,,2017,68.11589050292969
Low income,,2018,68.3265609741211
Low income,,2019,68.62081146240234
Low income,,2020,68.86226654052734
Lower middle income,,1975,58.72026824951172
Lower middle income,,1976,58.76631164550781
Lower middle income,,1977,59.20008087158203
Lower middle income,,1978,59.62179183959961
Lower middle income,,1979,60.00400924682617
Lower middle income,,1980,60.36967849731445
Lower middle income,,1981,60.33592987060547
Lower middle income,,1982,61.13195037841797
Lower middle income,,1983,61.45243835449219
Lower middle income,,1984,61.878570556640625
Lower middle income,,1985,62.30984878540039
Lower middle income,,1986,62.736961364746094
Lower middle income,,1987,63.39115905761719
Lower middle income,,1988,64.46398162841797
Lower middle income,,1989,65.0071792602539
Lower middle income,,1990,65.50701904296875
Lower middle income,,1991,65.66573333740234
Lower middle income,,1992,66.8449478149414
Lower middle income,,1993,67.65828704833984
Lower middle income,,1994,68.25794219970703
Lower middle income,,1995,68.80535125732422
Lower middle income,,1996,69.3875503540039
Lower middle income,,1997,69.91841888427734
Lower middle income,,1998,73.47799682617188
Lower middle income,,1999,73.96240997314453
Lower middle income,,2000,74.07653045654297
Lower middle income,,2001,74.36595153808594
Lower middle income,,2002,75.01554870605469
Lower middle income,,2003,75.95513153076172
Lower middle income,,2004,76.5588607788086
Lower middle income,,2005,76.49227142333984
Lower middle income,,2006,76.76544189453125
Lower middle income,,2007,76.417236328125
Lower middle income,,2008,77.58528137207031
Lower middle income,,2009,78.16581726074219
Lower middle income,,2010,78.5048828125
Lower middle income,,2011,78.49256134033203
Lower middle income,,2012,79.28424072265625
Lower middle income,,2013,79.66256713867188
Lower middle income,,2014,80.14859771728516
Lower middle income,,2015,80.79646301269531
Lower middle income,,2016,81.32176971435547
Lower middle income,,2017,81.74749755859375
Lower middle income,,2018,82.10877227783203
Lower middle income,,2019,82.48419189453125
Lower middle income,,2020,82.852783203125
Macao,MAC,1981,92.80967712402344
Macao,MAC,2001,95.27620697021484
Macao,MAC,2006,96.4699935913086
Macao,MAC,2011,97.75128936767578
Macao,MAC,2016,98.18592071533203
Madagascar,MDG,2000,76.53832244873047
Madagascar,MDG,2005,63.347068786621094
Madagascar,MDG,2009,67.41731262207031
Madagascar,MDG,2012,75.02886962890625
Madagascar,MDG,2018,78.37828063964844
Malawi,MWI,1987,65.27950286865234
Malawi,MWI,1998,74.92640686035156
Malawi,MWI,2010,72.09764862060547
Malawi,MWI,2014,75.97926330566406
Malawi,MWI,2015,69.75396728515625
Malaysia,MYS,1980,78.14633178710938
Malaysia,MYS,1991,88.56298828125
Malaysia,MYS,2000,91.96923828125
Malaysia,MYS,2010,95.43374633789062
Malaysia,MYS,2016,96.2969970703125
Malaysia,MYS,2017,96.4991226196289
Malaysia,MYS,2018,96.123046875
Malaysia,MYS,2019,96.21800231933594
Maldives,MDV,1977,82.40484619140625
Maldives,MDV,1985,92.114013671875
Maldives,MDV,1990,95.89713287353516
Maldives,MDV,1995,96.21227264404297
Maldives,MDV,2006,98.36569213867188
Maldives,MDV,2014,98.52033996582031
Maldives,MDV,2016,97.2989273071289
Mali,MLI,1976,13.512920379638672
Mali,MLI,1998,26.732969284057617
Mali,MLI,2003,32.70000076293945
Mali,MLI,2006,34.85789108276367
Mali,MLI,2010,43.400630950927734
Mali,MLI,2011,43.520469665527344
Mali,MLI,2015,45.065921783447266
Mali,MLI,2018,46.184139251708984
Mali,MLI,2020,40.434051513671875
Malta,MLT,1985,86.55354309082031
Malta,MLT,1995,86.43028259277344
Malta,MLT,2005,91.18657684326172
Malta,MLT,2011,91.79264831542969
Malta,MLT,2018,93.00997161865234
Marshall Islands,MHL,2011,98.32508850097656
Mauritania,MRT,2000,59.54032897949219
Mauritania,MRT,2007,57.404380798339844
Mauritania,MRT,2013,67.95720672607422
Mauritania,MRT,2017,63.74855041503906
Mauritius,MUS,1990,85.145751953125
Mauritius,MUS,2000,88.22785949707031
Mauritius,MUS,2011,91.95172119140625
Mauritius,MUS,2012,94.65241241455078
Mauritius,MUS,2013,94.0368881225586
Mauritius,MUS,2014,94.765380859375
Mauritius,MUS,2015,94.86116790771484
Mauritius,MUS,2016,95.43585968017578
Mauritius,MUS,2018,93.35735321044922
Mexico,MEX,1980,86.2426528930664
Mexico,MEX,1990,90.34739685058594
Mexico,MEX,2000,92.55937194824219
Mexico,MEX,2002,91.997802734375
Mexico,MEX,2004,92.4496078491211
Mexico,MEX,2005,93.1904067993164
Mexico,MEX,2006,93.90119934082031
Mexico,MEX,2007,94.44151306152344
Mexico,MEX,2008,94.5921630859375
Mexico,MEX,2009,94.91657257080078
Mexico,MEX,2010,94.38394165039062
Mexico,MEX,2011,94.78276824951172
Mexico,MEX,2012,95.39163208007812
Mexico,MEX,2013,95.11210632324219
Mexico,MEX,2014,95.62046813964844
Mexico,MEX,2015,95.54933166503906
Mexico,MEX,2016,95.84481811523438
Mexico,MEX,2017,95.87236785888672
Mexico,MEX,2018,96.23290252685547
Mexico,MEX,2020,96.05874633789062
Middle East and North Africa,,1973,57.01539993286133
Middle East and North Africa,,1974,57.482730865478516
Middle East and North Africa,,1975,57.97671890258789
Middle East and North Africa,,1976,58.21255874633789
Middle East and North Africa,,1977,59.0048713684082
Middle East and North Africa,,1978,59.6209602355957
Middle East and North Africa,,1979,60.24311828613281
Middle East and North Africa,,1980,60.9390983581543
Middle East and North Africa,,1981,61.581390380859375
Middle East and North Africa,,1982,62.257938385009766
Middle East and North Africa,,1983,62.668190002441406
Middle East and North Africa,,1984,63.50014114379883
Middle East and North Africa,,1985,64.39952850341797
Middle East and North Africa,,1986,65.14411163330078
Middle East and North Africa,,1987,65.90799713134766
Middle East and North Africa,,1988,66.87918853759766
Middle East and North Africa,,1989,67.73175048828125
Middle East and North Africa,,1990,69.80400085449219
Middle East and North Africa,,1991,70.76434326171875
Middle East and North Africa,,1992,71.60295104980469
Middle East and North Africa,,1993,72.75753784179688
Middle East and North Africa,,1994,73.3865737915039
Middle East and North Africa,,1995,74.51693725585938
Middle East and North Africa,,1996,75.34873962402344
Middle East and North Africa,,1997,76.26827239990234
Middle East and North Africa,,1998,77.2463607788086
Middle East and North Africa,,1999,78.04125213623047
Middle East and North Africa,,2000,78.75808715820312
Middle East and North Africa,,2001,79.70259857177734
Middle East and North Africa,,2002,80.04087829589844
Middle East and North Africa,,2003,83.39700317382812
Middle East and North Africa,,2004,83.92622375488281
Middle East and North Africa,,2005,83.10076141357422
Middle East and North Africa,,2006,82.48385620117188
Middle East and North Africa,,2007,83.06513977050781
Middle East and North Africa,,2008,83.52578735351562
Middle East and North Africa,,2009,83.14521026611328
Middle East and North Africa,,2010,83.6138916015625
Middle East and North Africa,,2011,84.2983169555664
Middle East and North Africa,,2012,86.95057678222656
Middle East and North Africa,,2013,86.96636962890625
Middle East and North Africa,,2014,87.94567108154297
Middle East and North Africa,,2015,86.0082778930664
Middle East and North Africa,,2016,86.85498809814453
Middle East and North Africa,,2017,87.37286376953125
Middle East and North Africa,,2018,85.08522033691406
Middle East and North Africa,,2019,85.32794189453125
Middle East and North Africa,,2020,85.58287811279297
Middle income,,1975,70.82161712646484
Middle income,,1976,70.89620208740234
Middle income,,1977,71.16484069824219
Middle income,,1978,71.71401977539062
Middle income,,1979,72.24051666259766
Middle income,,1980,72.56105041503906
Middle income,,1981,73.09204864501953
Middle income,,1982,73.70841979980469
Middle income,,1983,74.25511932373047
Middle income,,1984,74.8001480102539
Middle income,,1985,75.29812622070312
Middle income,,1986,75.76750183105469
Middle income,,1987,76.41184997558594
Middle income,,1988,78.15962982177734
Middle income,,1989,78.58467864990234
Middle income,,1990,78.710693359375
Middle income,,1991,79.2594223022461
Middle income,,1992,79.94053649902344
Middle income,,1993,80.4584732055664
Middle income,,1994,80.87291717529297
Middle income,,1995,81.26693725585938
Middle income,,1996,81.65384674072266
Middle income,,1997,83.27011108398438
Middle income,,1998,84.87584686279297
Middle income,,1999,85.16409301757812
Middle income,,2000,85.32488250732422
Middle income,,2001,85.55120086669922
Middle income,,2002,85.87568664550781
Middle income,,2003,86.49188995361328
Middle income,,2004,86.82644653320312
Middle income,,2005,86.91581726074219
Middle income,,2006,87.09928894042969
Middle income,,2007,87.18302154541016
Middle income,,2008,87.74581909179688
Middle income,,2009,87.9867935180664
Middle income,,2010,88.1244888305664
Middle income,,2011,88.15373992919922
Middle income,,2012,88.67388916015625
Middle income,,2013,88.8196792602539
Middle income,,2014,89.15498352050781
Middle income,,2015,89.29857635498047
Middle income,,2016,89.76303100585938
Middle income,,2017,89.90853881835938
Middle income,,2018,89.89140319824219
Middle income,,2019,90.10964965820312
Middle income,,2020,90.29792022705078
Moldova,MDA,1989,98.61405181884766
Moldova,MDA,2000,97.97762298583984
Moldova,MDA,2014,99.60201263427734
Mongolia,MNG,2000,98.01677703857422
Mongolia,MNG,2010,98.17469787597656
Mongolia,MNG,2018,98.1860122680664
Mongolia,MNG,2020,99.12138366699219
Montenegro,MNE,1981,96.3205337524414
Montenegro,MNE,1991,89.28208923339844
Montenegro,MNE,2003,99.30319213867188
Montenegro,MNE,2011,99.43121337890625
Montenegro,MNE,2018,99.45046997070312
Morocco,MAR,1982,43.71438980102539
Morocco,MAR,1994,55.15517044067383
Morocco,MAR,2004,65.70675659179688
Morocco,MAR,2008,68.36585998535156
Morocco,MAR,2009,68.91761779785156
Morocco,MAR,2011,76.07357788085938
Morocco,MAR,2012,80.38336181640625
Morocco,MAR,2014,75.36726379394531
Morocco,MAR,2018,83.30135345458984
Mozambique,MOZ,1980,43.7783317565918
Mozambique,MOZ,1997,54.818878173828125
Mozambique,MOZ,2003,65.57710266113281
Mozambique,MOZ,2009,67.35469818115234
Mozambique,MOZ,2015,70.75839233398438
Mozambique,MOZ,2017,72.59944915771484
Myanmar,MMR,1983,85.78836059570312
Myanmar,MMR,2000,93.92426300048828
Myanmar,MMR,2016,80.01158905029297
Myanmar,MMR,2019,92.39292907714844
Namibia,NAM,1991,77.80812072753906
Namibia,NAM,2001,86.55522918701172
Namibia,NAM,2007,74.3283462524414
Namibia,NAM,2011,88.63123321533203
Namibia,NAM,2018,91.6274185180664
Nepal,NPL,1981,31.67275047302246
Nepal,NPL,1991,49.22002029418945
Nepal,NPL,2001,62.708011627197266
Nepal,NPL,2011,71.70838165283203
Nepal,NPL,2018,78.59133911132812
New Caledonia,NCL,1976,92.1909408569336
New Caledonia,NCL,1989,94.044189453125
New Caledonia,NCL,1996,96.7847671508789
New Caledonia,NCL,2014,98.13999938964844
Nicaragua,NIC,2001,76.76049041748047
Nicaragua,NIC,2005,78.09642791748047
Nicaragua,NIC,2015,82.43855285644531
Niger,NER,2001,19.640060424804688
Niger,NER,2005,42.9273681640625
Niger,NER,2012,39.05868911743164
Niger,NER,2018,43.594058990478516
Nigeria,NGA,1991,67.65373992919922
Nigeria,NGA,2003,66.7674331665039
Nigeria,NGA,2006,76.13186645507812
Nigeria,NGA,2008,61.254051208496094
Nigeria,NGA,2018,71.25570678710938
North Korea,PRK,2008,99.9988784790039
North Macedonia,MKD,1994,97.23235321044922
North Macedonia,MKD,2002,98.21278381347656
North Macedonia,MKD,2014,98.80999755859375
North Macedonia,MKD,2020,99.11786651611328
Oman,OMN,2003,86.86234283447266
Oman,OMN,2008,89.99932098388672
Oman,OMN,2010,90.24302673339844
Oman,OMN,2014,94.99073791503906
Oman,OMN,2015,96.63287353515625
Oman,OMN,2016,96.63082885742188
Oman,OMN,2017,97.02387237548828
Oman,OMN,2018,96.98941802978516
Pakistan,PAK,1981,35.38064956665039
Pakistan,PAK,1998,55.29661178588867
Pakistan,PAK,2005,64.06047821044922
Pakistan,PAK,2006,67.65184020996094
Pakistan,PAK,2007,65.00493621826172
Pakistan,PAK,2008,68.86609649658203
Pakistan,PAK,2009,68.62761688232422
Pakistan,PAK,2010,68.9006118774414
Pakistan,PAK,2011,66.99114227294922
Pakistan,PAK,2012,69.85822296142578
Pakistan,PAK,2013,68.62934112548828
Pakistan,PAK,2014,69.06681060791016
Pakistan,PAK,2017,71.11599731445312
Pakistan,PAK,2018,69.27658081054688
Pakistan,PAK,2019,69.28746032714844
Palau,PLW,1980,93.2873764038086
Palau,PLW,2013,99.46720886230469
Palau,PLW,2015,96.81275177001953
Palestine,PSE,1997,92.24852752685547
Palestine,PSE,2004,96.07893371582031
Palestine,PSE,2006,97.0805892944336
Palestine,PSE,2007,97.1047134399414
Palestine,PSE,2008,97.20130157470703
Palestine,PSE,2009,97.3166732788086
Palestine,PSE,2010,97.52520751953125
Palestine,PSE,2011,97.74404907226562
Palestine,PSE,2012,98.06757354736328
Palestine,PSE,2013,98.26705932617188
Palestine,PSE,2014,98.27913665771484
Palestine,PSE,2015,98.37687683105469
Palestine,PSE,2016,98.50679016113281
Palestine,PSE,2017,98.52600860595703
Palestine,PSE,2018,98.65782165527344
Palestine,PSE,2019,98.8044204711914
Palestine,PSE,2020,98.7938003540039
Panama,PAN,1980,88.09651947021484
Panama,PAN,1990,89.33695983886719
Panama,PAN,2000,92.54792785644531
Panama,PAN,2010,94.70741271972656
Panama,PAN,2018,95.96893310546875
Panama,PAN,2019,96.14089965820312
Papua New Guinea,PNG,2000,63.445220947265625
Papua New Guinea,PNG,2010,65.29000091552734
Paraguay,PRY,1982,81.08306884765625
Paraguay,PRY,1992,92.00015258789062
Paraguay,PRY,2007,95.7123794555664
Paraguay,PRY,2008,94.1263198852539
Paraguay,PRY,2009,94.36772918701172
Paraguay,PRY,2010,94.81314849853516
Paraguay,PRY,2012,94.81725311279297
Paraguay,PRY,2013,95.66619110107422
Paraguay,PRY,2014,95.8741226196289
Paraguay,PRY,2015,96.25430297851562
Paraguay,PRY,2016,95.47605895996094
Paraguay,PRY,2018,94.51148223876953
Paraguay,PRY,2019,93.78816986083984
Paraguay,PRY,2020,94.92147064208984
Peru,PER,1981,90.1435317993164
Peru,PER,1993,92.85101318359375
Peru,PER,2004,93.46070098876953
Peru,PER,2005,93.71830749511719
Peru,PER,2006,94.22582244873047
Peru,PER,2007,94.8570327758789
Peru,PER,2012,96.95012664794922
Peru,PER,2014,96.94898223876953
Peru,PER,2015,97.10637664794922
Peru,PER,2016,97.18846130371094
Peru,PER,2017,97.03974151611328
Peru,PER,2018,97.12136840820312
Peru,PER,2020,96.9898910522461
Philippines,PHL,1980,83.88928985595703
Philippines,PHL,1990,93.97168731689453
Philippines,PHL,1994,93.3028564453125
Philippines,PHL,2000,92.54499816894531
Philippines,PHL,2003,91.63449096679688
Philippines,PHL,2008,95.01213073730469
Philippines,PHL,2013,96.00833892822266
Philippines,PHL,2015,98.12325286865234
Philippines,PHL,2019,95.70572662353516
Poland,POL,1978,99.2751693725586
Poland,POL,1988,99.2751693725586
Poland,POL,1998,99.2751693725586
Poland,POL,2008,99.2751693725586
Portugal,PRT,1981,84.83334350585938
Portugal,PRT,1991,91.5870590209961
Portugal,PRT,2011,96.28558349609375
Portugal,PRT,2018,97.35362243652344
Puerto Rico,PRI,1980,87.74803161621094
Puerto Rico,PRI,1990,89.50269317626953
Puerto Rico,PRI,2010,91.33078002929688
Puerto Rico,PRI,2017,92.38996124267578
Qatar,QAT,1986,76.79582977294922
Qatar,QAT,1997,84.24456024169922
Qatar,QAT,2004,86.73982238769531
Qatar,QAT,2007,89.95789337158203
Qatar,QAT,2008,91.435791015625
Qatar,QAT,2009,91.3668212890625
Qatar,QAT,2010,91.74861907958984
Qatar,QAT,2011,91.65413665771484
Qatar,QAT,2012,89.99826049804688
Qatar,QAT,2013,90.34342956542969
Qatar,QAT,2014,91.04651641845703
Qatar,QAT,2016,92.88156127929688
Qatar,QAT,2017,93.14446258544922
Romania,ROU,1992,98.53202056884766
Romania,ROU,2002,98.40440368652344
Romania,ROU,2011,99.03428649902344
Romania,ROU,2018,99.1080093383789
Russia,RUS,1989,99.45623779296875
Russia,RUS,2002,99.69407653808594
Russia,RUS,2010,99.72830963134766
Russia,RUS,2018,99.72515869140625
Rwanda,RWA,1978,50.82326126098633
Rwanda,RWA,2000,71.41938018798828
Rwanda,RWA,2010,71.13053894042969
Rwanda,RWA,2012,72.44518280029297
Rwanda,RWA,2014,76.14972686767578
Rwanda,RWA,2018,77.55879974365234
Saint Vincent and the Grenadines,VCT,1970,95.80000305175781
Samoa,WSM,1991,98.41568756103516
Samoa,WSM,2011,98.88191986083984
Samoa,WSM,2018,98.95609283447266
Sao Tome and Principe,STP,1981,73.14115142822266
Sao Tome and Principe,STP,1991,85.24964141845703
Sao Tome and Principe,STP,2001,92.23467254638672
Sao Tome and Principe,STP,2008,80.33023834228516
Sao Tome and Principe,STP,2012,94.95616912841797
Sao Tome and Principe,STP,2018,96.16268157958984
Saudi Arabia,SAU,1992,79.9685287475586
Saudi Arabia,SAU,2000,87.0607681274414
Saudi Arabia,SAU,2004,87.53204345703125
Saudi Arabia,SAU,2013,96.53143310546875
Saudi Arabia,SAU,2017,97.10370635986328
Saudi Arabia,SAU,2020,98.62293243408203
Senegal,SEN,1988,36.90288162231445
Senegal,SEN,2002,51.05152893066406
Senegal,SEN,2006,52.258480072021484
Senegal,SEN,2009,59.784271240234375
Senegal,SEN,2011,66.0360107421875
Senegal,SEN,2013,53.90040969848633
Senegal,SEN,2017,64.8122787475586
Serbia,SRB,2003,98.90718078613281
Serbia,SRB,2011,99.26464080810547
Serbia,SRB,2016,99.49970245361328
Serbia,SRB,2019,99.87580871582031
Seychelles,SYC,1987,82.9316635131836
Seychelles,SYC,1994,87.0151596069336
Seychelles,SYC,2002,91.40731811523438
Seychelles,SYC,2010,93.46392059326172
Seychelles,SYC,2018,95.41175842285156
Sierra Leone,SLE,2004,46.65428924560547
Sierra Leone,SLE,2013,41.33216857910156
Sierra Leone,SLE,2018,51.646881103515625
Singapore,SGP,1980,91.56623077392578
Singapore,SGP,1990,95.0931625366211
Singapore,SGP,2000,96.56510162353516
Singapore,SGP,2010,98.03713989257812
Singapore,SGP,2011,98.39283752441406
Singapore,SGP,2012,98.4694595336914
Singapore,SGP,2013,98.54254150390625
Singapore,SGP,2014,98.60901641845703
Singapore,SGP,2015,98.5595703125
Singapore,SGP,2016,98.73446655273438
Singapore,SGP,2017,98.79692077636719
Singapore,SGP,2018,98.85089874267578
Singapore,SGP,2019,98.90351867675781
Slovenia,SVN,1991,99.60208892822266
Slovenia,SVN,2004,99.69000244140625
Slovenia,SVN,2014,99.69000244140625
Solomon Islands,SLB,1999,83.69999694824219
Solomon Islands,SLB,2009,83.69999694824219
Somalia,SOM,1972,7.198440074920654
South Africa,ZAF,1980,77.52559661865234
South Africa,ZAF,1996,84.07138061523438
South Africa,ZAF,2007,90.71759033203125
South Africa,ZAF,2009,94.1214599609375
South Africa,ZAF,2010,94.14385223388672
South Africa,ZAF,2011,94.24508666992188
South Africa,ZAF,2012,94.9637222290039
South Africa,ZAF,2014,95.28684997558594
South Africa,ZAF,2015,95.39653015136719
South Africa,ZAF,2017,87.67774963378906
South Africa,ZAF,2019,95.54537200927734
South Asia,,1975,49.941688537597656
South Asia,,1976,49.95933151245117
South Asia,,1977,50.548179626464844
South Asia,,1978,51.10839080810547
South Asia,,1979,51.618309020996094
South Asia,,1980,52.13589096069336
South Asia,,1981,51.97087860107422
South Asia,,1982,53.12791061401367
South Asia,,1983,53.647979736328125
South Asia,,1984,54.15793991088867
South Asia,,1985,54.66075134277344
South Asia,,1986,55.14714050292969
South Asia,,1987,55.629150390625
South Asia,,1988,57.084529876708984
South Asia,,1989,57.69548034667969
South Asia,,1990,58.271488189697266
South Asia,,1991,58.331329345703125
South Asia,,1992,59.85725021362305
South Asia,,1993,60.897029876708984
South Asia,,1994,61.52899932861328
South Asia,,1995,62.16883850097656
South Asia,,1996,62.80704879760742
South Asia,,1997,63.44416046142578
South Asia,,1998,68.60549926757812
South Asia,,1999,69.1388931274414
South Asia,,2000,69.68038940429688
South Asia,,2001,69.85626983642578
South Asia,,2002,70.7300033569336
South Asia,,2003,71.6434097290039
South Asia,,2004,72.17703247070312
South Asia,,2005,72.54544067382812
South Asia,,2006,72.57694244384766
South Asia,,2007,72.8914566040039
South Asia,,2008,74.7773666381836
South Asia,,2009,75.29644775390625
South Asia,,2010,75.71617126464844
South Asia,,2011,75.84069061279297
South Asia,,2012,76.5397720336914
South Asia,,2013,77.0527114868164
South Asia,,2014,77.50517272949219
South Asia,,2015,78.26880645751953
South Asia,,2016,79.3809585571289
South Asia,,2017,79.8610610961914
South Asia,,2018,80.30548095703125
South Asia,,2019,80.8053970336914
South Asia,,2020,81.3069076538086
South Korea,KOR,2008,98.31552124023438
South Sudan,SSD,2008,34.83692932128906
South Sudan,SSD,2018,40.264808654785156
Spain,ESP,1981,95.89752960205078
Spain,ESP,1991,98.03549194335938
Spain,ESP,2004,98.14391326904297
Spain,ESP,2005,98.61746978759766
Spain,ESP,2006,98.56102752685547
Spain,ESP,2007,98.63346099853516
Spain,ESP,2008,98.40229797363281
Spain,ESP,2009,98.4619369506836
Spain,ESP,2010,98.52571105957031
Spain,ESP,2011,98.53618621826172
Spain,ESP,2012,98.60652923583984
Spain,ESP,2013,98.74874877929688
Spain,ESP,2014,98.73126983642578
Spain,ESP,2015,98.77088928222656
Spain,ESP,2016,98.83596801757812
Spain,ESP,2018,98.9253921508789
Spain,ESP,2020,99.02506256103516
Sri Lanka,LKA,1981,91.34839630126953
Sri Lanka,LKA,2001,92.27020263671875
Sri Lanka,LKA,2006,92.71365356445312
Sri Lanka,LKA,2008,92.24392700195312
Sri Lanka,LKA,2010,92.5784683227539
Sri Lanka,LKA,2016,93.45588684082031
Sri Lanka,LKA,2017,92.98055267333984
Sri Lanka,LKA,2018,92.7729263305664
Sri Lanka,LKA,2019,93.03135681152344
Sub-Saharan Africa,,1985,60.20246124267578
Sub-Saharan Africa,,1986,60.48945999145508
Sub-Saharan Africa,,1987,61.068138122558594
Sub-Saharan Africa,,1988,61.43798828125
Sub-Saharan Africa,,1989,61.997398376464844
Sub-Saharan Africa,,1990,62.51631164550781
Sub-Saharan Africa,,1991,62.58258819580078
Sub-Saharan Africa,,1992,63.23535919189453
Sub-Saharan Africa,,1993,63.71894836425781
Sub-Saharan Africa,,1994,64.3360366821289
Sub-Saharan Africa,,1995,64.3978271484375
Sub-Saharan Africa,,1996,64.8688735961914
Sub-Saharan Africa,,1997,65.479736328125
Sub-Saharan Africa,,1998,66.0856704711914
Sub-Saharan Africa,,1999,66.78545379638672
Sub-Saharan Africa,,2000,65.69776153564453
Sub-Saharan Africa,,2001,66.46016693115234
Sub-Saharan Africa,,2002,67.49210357666016
Sub-Saharan Africa,,2003,67.60408020019531
Sub-Saharan Africa,,2004,69.46057891845703
Sub-Saharan Africa,,2005,68.16693878173828
Sub-Saharan Africa,,2006,68.26551818847656
Sub-Saharan Africa,,2007,66.43720245361328
Sub-Saharan Africa,,2008,66.26522064208984
Sub-Saharan Africa,,2009,67.1384506225586
Sub-Saharan Africa,,2010,67.52557373046875
Sub-Saharan Africa,,2011,68.72297668457031
Sub-Saharan Africa,,2012,69.71562194824219
Sub-Saharan Africa,,2013,70.37380981445312
Sub-Saharan Africa,,2014,70.8863525390625
Sub-Saharan Africa,,2015,71.21492767333984
Sub-Saharan Africa,,2016,71.63604736328125
Sub-Saharan Africa,,2017,71.60961151123047
Sub-Saharan Africa,,2018,71.95403289794922
Sub-Saharan Africa,,2019,72.22979736328125
Sub-Saharan Africa,,2020,72.4661865234375
Sudan,SDN,2000,71.58101654052734
Sudan,SDN,2008,59.798248291015625
Sudan,SDN,2018,65.43515014648438
Suriname,SUR,2004,92.01632690429688
Suriname,SUR,2008,95.4929428100586
Suriname,SUR,2010,95.36479187011719
Suriname,SUR,2012,94.869873046875
Suriname,SUR,2018,96.07404327392578
Syria,SYR,1981,73.58422088623047
Syria,SYR,2002,91.02857208251953
Syria,SYR,2004,87.75814056396484
Tajikistan,TJK,1989,98.79109191894531
Tajikistan,TJK,2000,99.68399047851562
Tajikistan,TJK,2014,99.81999969482422
Tanzania,TZA,1988,71.36570739746094
Tanzania,TZA,2002,77.50640106201172
Tanzania,TZA,2010,75.4677963256836
Tanzania,TZA,2012,83.37769317626953
Tanzania,TZA,2015,83.20484924316406
Thailand,THA,1980,92.21295928955078
Thailand,THA,2000,94.90157318115234
Thailand,THA,2005,95.6002426147461
Thailand,THA,2010,96.43502044677734
Thailand,THA,2013,95.25125885009766
Thailand,THA,2015,94.65911865234375
Thailand,THA,2018,95.202392578125
Timor,TLS,2001,45.29999923706055
Timor,TLS,2007,58.5
Timor,TLS,2010,63.59178924560547
Timor,TLS,2018,71.86872100830078
Togo,TGO,2000,68.72573852539062
Togo,TGO,2006,70.27027130126953
Togo,TGO,2009,71.16635131835938
Togo,TGO,2011,74.05682373046875
Togo,TGO,2015,77.25942993164062
Togo,TGO,2019,79.99169158935547
Tonga,TON,1976,99.65866088867188
Tonga,TON,1996,98.83406066894531
Tonga,TON,2006,98.9538803100586
Tonga,TON,2011,99.33509826660156
Tonga,TON,2018,99.35098266601562
Trinidad and Tobago,TTO,1980,96.52153015136719
Trinidad and Tobago,TTO,1990,98.00980377197266
Trinidad and Tobago,TTO,2000,98.75
Trinidad and Tobago,TTO,2010,99.13999938964844
Tunisia,TUN,1984,60.407230377197266
Tunisia,TUN,2004,83.38509368896484
Tunisia,TUN,2007,86.05368041992188
Tunisia,TUN,2008,86.37580871582031
Tunisia,TUN,2010,87.375732421875
Tunisia,TUN,2011,87.76075744628906
Tunisia,TUN,2012,88.47577667236328
Tunisia,TUN,2014,86.06011962890625
Turkey,TUR,1975,77.50393676757812
Turkey,TUR,1980,81.4494400024414
Turkey,TUR,1985,87.61972045898438
Turkey,TUR,1990,89.84703063964844
Turkey,TUR,2004,95.27349090576172
Turkey,TUR,2005,96.00061798095703
Turkey,TUR,2006,95.99562072753906
Turkey,TUR,2007,96.20185852050781
Turkey,TUR,2009,96.3777084350586
Turkey,TUR,2010,97.29981231689453
Turkey,TUR,2011,97.93498992919922
Turkey,TUR,2012,98.26290130615234
Turkey,TUR,2013,98.4013671875
Turkey,TUR,2014,98.49678802490234
Turkey,TUR,2015,98.57562255859375
Turkey,TUR,2016,98.77583312988281
Turkey,TUR,2017,98.81996154785156
Turkey,TUR,2019,99.07530975341797
Turkmenistan,TKM,1995,99.32498168945312
Turkmenistan,TKM,2014,99.75
Uganda,UGA,1991,68.19808959960938
Uganda,UGA,2002,78.30402374267578
Uganda,UGA,2006,81.38858795166016
Uganda,UGA,2010,82.63139343261719
Uganda,UGA,2012,79.12303924560547
Uganda,UGA,2018,82.65601348876953
Ukraine,UKR,2001,99.7434310913086
Ukraine,UKR,2012,99.99394226074219
United Arab Emirates,ARE,1975,58.3861083984375
United Arab Emirates,ARE,1985,72.27427673339844
United Arab Emirates,ARE,2005,89.48210144042969
United Arab Emirates,ARE,2019,98.02413177490234
Upper middle income,,1976,79.48375701904297
Upper middle income,,1977,79.62980651855469
Upper middle income,,1978,80.26457977294922
Upper middle income,,1979,80.88787841796875
Upper middle income,,1980,81.17066955566406
Upper middle income,,1981,82.07610321044922
Upper middle income,,1982,82.5522689819336
Upper middle income,,1983,83.24974822998047
Upper middle income,,1984,83.87277221679688
Upper middle income,,1985,84.41551971435547
Upper middle income,,1986,84.9120101928711
Upper middle income,,1987,85.555908203125
Upper middle income,,1988,87.7962417602539
Upper middle income,,1989,88.16815948486328
Upper middle income,,1990,88.07012939453125
Upper middle income,,1991,88.9703598022461
Upper middle income,,1992,89.35861206054688
Upper middle income,,1993,89.7261962890625
Upper middle income,,1994,90.08128356933594
Upper middle income,,1995,90.4539566040039
Upper middle income,,1996,90.74803161621094
Upper middle income,,1997,93.26122283935547
Upper middle income,,1998,93.497802734375
Upper middle income,,1999,93.71929168701172
Upper middle income,,2000,93.9782485961914
Upper middle income,,2001,94.22132873535156
Upper middle income,,2002,94.33643341064453
Upper middle income,,2003,94.73197937011719
Upper middle income,,2004,94.8939437866211
Upper middle income,,2005,95.16043090820312
Upper middle income,,2006,95.33000946044922
Upper middle income,,2007,95.8314437866211
Upper middle income,,2008,95.98809814453125
Upper middle income,,2009,96.03423309326172
Upper middle income,,2010,96.08511352539062
Upper middle income,,2011,96.22138214111328
Upper middle income,,2012,96.58746337890625
Upper middle income,,2013,96.60980224609375
Upper middle income,,2014,96.88986206054688
Upper middle income,,2015,96.67086029052734
Upper middle income,,2016,97.15617370605469
Upper middle income,,2017,97.12654113769531
Upper middle income,,2018,96.84217834472656
Upper middle income,,2019,96.9882583618164
Upper middle income,,2020,97.08297729492188
Uruguay,URY,1975,93.38825988769531
Uruguay,URY,1985,94.83361053466797
Uruguay,URY,1996,96.2445297241211
Uruguay,URY,2006,97.44477844238281
Uruguay,URY,2007,97.42169189453125
Uruguay,URY,2008,97.83128356933594
Uruguay,URY,2009,97.97241973876953
Uruguay,URY,2010,97.61016845703125
Uruguay,URY,2011,98.02310943603516
Uruguay,URY,2012,98.10397338867188
Uruguay,URY,2013,98.06342315673828
Uruguay,URY,2014,98.02507019042969
Uruguay,URY,2015,98.14591979980469
Uruguay,URY,2016,98.2445297241211
Uruguay,URY,2017,98.23419189453125
Uruguay,URY,2018,98.3713607788086
Uruguay,URY,2019,98.48094940185547
Uzbekistan,UZB,2000,99.16443634033203
Uzbekistan,UZB,2013,99.99382781982422
Uzbekistan,UZB,2014,99.98519134521484
Uzbekistan,UZB,2015,99.9920425415039
Uzbekistan,UZB,2016,99.994873046875
Uzbekistan,UZB,2018,99.9999771118164
Uzbekistan,UZB,2019,99.99994659423828
Vanuatu,VUT,1979,57.33509826660156
Vanuatu,VUT,1984,62.310001373291016
Vanuatu,VUT,1994,71.7699966430664
Vanuatu,VUT,2004,80.4800033569336
Vanuatu,VUT,2014,86.18000030517578
Vanuatu,VUT,2018,88.30635070800781
Venezuela,VEN,1981,86.48932647705078
Venezuela,VEN,1990,90.67252349853516
Venezuela,VEN,2001,93.2574462890625
Venezuela,VEN,2007,95.38172912597656
Venezuela,VEN,2009,95.67536926269531
Venezuela,VEN,2011,94.5023193359375
Venezuela,VEN,2015,96.65107727050781
Venezuela,VEN,2016,97.03910827636719
Vietnam,VNM,1979,90.38147735595703
Vietnam,VNM,1989,93.00299072265625
Vietnam,VNM,1999,93.91825866699219
Vietnam,VNM,2000,93.93267822265625
Vietnam,VNM,2009,95.78533172607422
Vietnam,VNM,2019,96.9906997680664
World,OWID_WRL,1976,75.50373840332031
World,OWID_WRL,1977,75.6816635131836
World,OWID_WRL,1978,76.05721282958984
World,OWID_WRL,1979,76.4129409790039
World,OWID_WRL,1980,76.621337890625
World,OWID_WRL,1981,77.01255798339844
World,OWID_WRL,1982,77.45818328857422
World,OWID_WRL,1983,77.8534927368164
World,OWID_WRL,1984,78.24622344970703
World,OWID_WRL,1985,78.60355377197266
World,OWID_WRL,1986,78.9378890991211
World,OWID_WRL,1987,79.42774963378906
World,OWID_WRL,1988,80.77902221679688
World,OWID_WRL,1989,81.0964126586914
World,OWID_WRL,1990,81.18704986572266
World,OWID_WRL,1991,81.5842514038086
World,OWID_WRL,1992,82.01960754394531
World,OWID_WRL,1993,82.3957290649414
World,OWID_WRL,1994,82.71090698242188
World,OWID_WRL,1995,83.00013732910156
World,OWID_WRL,1996,83.28916931152344
World,OWID_WRL,1997,84.5233383178711
World,OWID_WRL,1998,85.73027801513672
World,OWID_WRL,1999,85.97084045410156
World,OWID_WRL,2000,86.05889892578125
World,OWID_WRL,2001,86.24223327636719
World,OWID_WRL,2002,86.60540008544922
World,OWID_WRL,2003,87.07109069824219
World,OWID_WRL,2004,87.42237091064453
World,OWID_WRL,2005,87.39614868164062
World,OWID_WRL,2006,87.46090698242188
World,OWID_WRL,2007,87.54667663574219
World,OWID_WRL,2008,88.0105209350586
World,OWID_WRL,2009,88.19003295898438
World,OWID_WRL,2010,88.25145721435547
World,OWID_WRL,2011,88.37274169921875
World,OWID_WRL,2012,88.77896881103516
World,OWID_WRL,2013,88.9267807006836
World,OWID_WRL,2014,89.2107925415039
World,OWID_WRL,2015,89.3272705078125
World,OWID_WRL,2016,89.67833709716797
World,OWID_WRL,2017,89.79743957519531
World,OWID_WRL,2018,89.77503204345703
World,OWID_WRL,2019,89.93315124511719
World,OWID_WRL,2020,90.06497192382812
Yemen,YEM,1994,56.72475051879883
Yemen,YEM,2004,73.16000366210938
Zambia,ZMB,1990,73.03732299804688
Zambia,ZMB,1999,76.25402069091797
Zambia,ZMB,2002,80.91285705566406
Zambia,ZMB,2007,71.31761932373047
Zambia,ZMB,2010,88.68402862548828
Zambia,ZMB,2018,90.60118103027344
Zimbabwe,ZWE,1982,84.17462921142578
Zimbabwe,ZWE,1992,88.89337921142578
Zimbabwe,ZWE,2011,87.76480865478516
Zimbabwe,ZWE,2014,89.18537139892578