Entity,Code,Year,"Literacy rate, adult female (% of females ages 15 and above)"
Afghanistan,AFG,1979,4.987460136413574
Afghanistan,AFG,2011,17.017839431762695
Afghanistan,AFG,2021,22.600780487060547
Albania,ALB,2001,98.25227355957031
Albania,ALB,2008,94.68180847167969
Albania,ALB,2011,95.69148254394531
Albania,ALB,2012,96.13607025146484
Albania,ALB,2018,97.76112365722656
Algeria,DZA,1987,35.83992004394531
Algeria,DZA,2002,60.07508087158203
Algeria,DZA,2006,63.91878890991211
Algeria,DZA,2008,67.54875183105469
Algeria,DZA,2018,75.32296752929688
American Samoa,ASM,1980,97.21990966796875
Angola,AGO,2001,54.194488525390625
Angola,AGO,2014,53.40721130371094
Antigua and Barbuda,ATG,2001,99.41999816894531
Antigua and Barbuda,ATG,2011,99.41999816894531
Antigua and Barbuda,ATG,2015,99.41999816894531
Argentina,ARG,1980,93.58088684082031
Argentina,ARG,1991,95.91699981689453
Argentina,ARG,2001,97.19341278076172
Argentina,ARG,2006,98.51077270507812
Argentina,ARG,2009,99.00176239013672
Argentina,ARG,2010,98.92807006835938
Argentina,ARG,2011,98.99983978271484
Argentina,ARG,2012,99.0999526977539
Argentina,ARG,2013,99.0912094116211
Argentina,ARG,2014,98.93282318115234
Argentina,ARG,2015,99.20877075195312
Argentina,ARG,2016,99.14309692382812
Argentina,ARG,2018,99.06204223632812
Armenia,ARM,1989,98.15013885498047
Armenia,ARM,2001,99.16107177734375
Armenia,ARM,2011,99.69035339355469
Armenia,ARM,2017,99.67716217041016
Armenia,ARM,2020,99.7445068359375
Aruba,ABW,2000,97.07135772705078
Aruba,ABW,2010,96.71977996826172
Aruba,ABW,2018,97.81268310546875
Azerbaijan,AZE,1999,98.1747817993164
Azerbaijan,AZE,2007,99.38394165039062
Azerbaijan,AZE,2009,99.6821517944336
Azerbaijan,AZE,2010,99.692626953125
Azerbaijan,AZE,2011,99.70496368408203
Azerbaijan,AZE,2012,99.7028579711914
Azerbaijan,AZE,2013,99.7168197631836
Azerbaijan,AZE,2014,99.71965789794922
Azerbaijan,AZE,2015,99.7171401977539
Azerbaijan,AZE,2016,99.71955108642578
Azerbaijan,AZE,2017,99.72199249267578
Azerbaijan,AZE,2019,99.72675323486328
Bahrain,BHR,1981,58.59109115600586
Bahrain,BHR,1991,76.93231964111328
Bahrain,BHR,2001,83.55741882324219
Bahrain,BHR,2010,89.01043701171875
Bangladesh,BGD,1981,17.971630096435547
Bangladesh,BGD,1991,25.838979721069336
Bangladesh,BGD,2001,40.82334899902344
Bangladesh,BGD,2007,43.740848541259766
Bangladesh,BGD,2011,55.11943817138672
Bangladesh,BGD,2012,54.23603820800781
Bangladesh,BGD,2013,57.78900146484375
Bangladesh,BGD,2014,57.860931396484375
Bangladesh,BGD,2015,62.25299072265625
Bangladesh,BGD,2016,69.89720916748047
Bangladesh,BGD,2017,70.08570098876953
Bangladesh,BGD,2018,71.18193817138672
Bangladesh,BGD,2019,71.9483871459961
Bangladesh,BGD,2020,72.0047836303711
Barbados,BRB,1970,99.25155639648438
Barbados,BRB,1984,99.5999984741211
Barbados,BRB,1994,99.5999984741211
Barbados,BRB,2004,99.5999984741211
Barbados,BRB,2014,99.5999984741211
Belarus,BLR,1989,96.62821960449219
Belarus,BLR,1999,99.41972351074219
Belarus,BLR,2009,99.49398803710938
Belarus,BLR,2019,99.87651062011719
Belize,BLZ,1991,70.3283920288086
Belize,BLZ,2000,77.12272644042969
Benin,BEN,1979,9.538960456848145
Benin,BEN,1992,16.565120697021484
Benin,BEN,2002,23.300140380859375
Benin,BEN,2006,18.442909240722656
Benin,BEN,2012,22.09387969970703
Benin,BEN,2018,31.0716495513916
Bhutan,BTN,2005,38.680660247802734
Bhutan,BTN,2012,45.20450973510742
Bhutan,BTN,2017,57.0836181640625
Bolivia,BOL,1976,51.37464904785156
Bolivia,BOL,1992,72.31321716308594
Bolivia,BOL,2001,80.65438079833984
Bolivia,BOL,2007,85.9859390258789
Bolivia,BOL,2008,86.83174896240234
Bolivia,BOL,2009,86.82145690917969
Bolivia,BOL,2011,88.0802001953125
Bolivia,BOL,2012,91.8732681274414
Bolivia,BOL,2015,88.5828628540039
Bosnia and Herzegovina,BIH,1991,81.9593276977539
Bosnia and Herzegovina,BIH,2000,94.35993957519531
Bosnia and Herzegovina,BIH,2011,96.8037109375
Bosnia and Herzegovina,BIH,2013,94.91049194335938
Botswana,BWA,1991,71.29924011230469
Botswana,BWA,2003,81.80795288085938
Botswana,BWA,2013,87.45121002197266
Brazil,BRA,1980,72.8531494140625
Brazil,BRA,2000,86.50005340576172
Brazil,BRA,2004,88.8061294555664
Brazil,BRA,2006,89.8555908203125
Brazil,BRA,2007,90.22801208496094
Brazil,BRA,2008,90.21955108642578
Brazil,BRA,2009,90.41121673583984
Brazil,BRA,2010,90.68170166015625
Brazil,BRA,2011,91.63314819335938
Brazil,BRA,2012,91.6249008178711
Brazil,BRA,2013,91.76496124267578
Brazil,BRA,2014,92.06051635742188
Brazil,BRA,2015,92.34378814697266
Brazil,BRA,2016,93.02120208740234
Brazil,BRA,2017,93.24371337890625
Brazil,BRA,2018,93.4250717163086
Brunei,BRN,1981,68.84182739257812
Brunei,BRN,1991,82.46135711669922
Brunei,BRN,2001,90.16155242919922
Brunei,BRN,2011,94.65248107910156
Brunei,BRN,2018,96.30126190185547
Bulgaria,BGR,2001,97.70648956298828
Bulgaria,BGR,2011,97.98390197753906
Burkina Faso,BFA,1975,3.390589952468872
Burkina Faso,BFA,1991,8.22542953491211
Burkina Faso,BFA,1996,8.057979583740234
Burkina Faso,BFA,2003,15.188770294189453
Burkina Faso,BFA,2005,16.62224006652832
Burkina Faso,BFA,2006,16.29113006591797
Burkina Faso,BFA,2007,21.027219772338867
Burkina Faso,BFA,2014,26.22024917602539
Burkina Faso,BFA,2018,31.04408073425293
Burundi,BDI,1979,11.983570098876953
Burundi,BDI,1990,27.529300689697266
Burundi,BDI,2000,52.23775863647461
Burundi,BDI,2008,43.157188415527344
Burundi,BDI,2014,54.641658782958984
Burundi,BDI,2017,61.223690032958984
Cambodia,KHM,1998,56.99250030517578
Cambodia,KHM,2004,64.05098724365234
Cambodia,KHM,2008,69.58641052246094
Cambodia,KHM,2009,69.10901641845703
Cambodia,KHM,2014,71.78179931640625
Cambodia,KHM,2015,75.03386688232422
Cameroon,CMR,1976,29.116130828857422
Cameroon,CMR,2000,58.72175979614258
Cameroon,CMR,2007,63.02206039428711
Cameroon,CMR,2010,64.79949951171875
Cameroon,CMR,2018,71.58627319335938
Cape Verde,CPV,1990,52.998619079589844
Cape Verde,CPV,2000,69.4445571899414
Cape Verde,CPV,2012,80.49622344970703
Cape Verde,CPV,2015,82.04222106933594
Cayman Islands,CYM,2007,99.02147674560547
Central African Republic,CAF,1975,8.399580001831055
Central African Republic,CAF,1988,20.33687973022461
Central African Republic,CAF,2000,35.29090118408203
Central African Republic,CAF,2010,24.35548973083496
Central African Republic,CAF,2018,25.756380081176758
Chad,TCD,1993,4.591829776763916
Chad,TCD,2000,12.796420097351074
Chad,TCD,2004,17.980579376220703
Chad,TCD,2015,13.933409690856934
Chad,TCD,2016,13.955229759216309
Chile,CHL,1982,90.80011749267578
Chile,CHL,1992,94.03671264648438
Chile,CHL,2002,95.64093017578125
Chile,CHL,2008,97.74205780029297
Chile,CHL,2009,97.40083312988281
Chile,CHL,2011,96.53070831298828
Chile,CHL,2013,96.16175079345703
Chile,CHL,2015,96.74395751953125
Chile,CHL,2017,96.33402252197266
China,CHN,1982,51.136810302734375
China,CHN,1990,68.07208251953125
China,CHN,2000,86.52660369873047
China,CHN,2010,92.71122741699219
China,CHN,2018,95.15933227539062
Colombia,COL,1993,91.14790344238281
Colombia,COL,1996,91.31400299072266
Colombia,COL,2004,92.71463012695312
Colombia,COL,2005,92.91124725341797
Colombia,COL,2006,92.22059631347656
Colombia,COL,2007,92.84561920166016
Colombia,COL,2008,93.43537139892578
Colombia,COL,2009,93.41513061523438
Colombia,COL,2010,93.4867935180664
Colombia,COL,2011,93.66712951660156
Colombia,COL,2014,94.48465728759766
Colombia,COL,2015,94.41581726074219
Colombia,COL,2016,94.89022064208984
Colombia,COL,2018,95.31891632080078
Colombia,COL,2019,95.46903228759766
Colombia,COL,2020,95.87506103515625
Comoros,COM,1980,40.31761932373047
Comoros,COM,2000,63.45901870727539
Comoros,COM,2012,42.637290954589844
Comoros,COM,2018,52.956390380859375
Congo,COG,1984,49.001338958740234
Congo,COG,2005,67.48076629638672
Congo,COG,2011,72.87705993652344
Congo,COG,2018,74.61875915527344
Costa Rica,CRI,1984,92.57713317871094
Costa Rica,CRI,2000,95.0807876586914
Costa Rica,CRI,2011,97.50041198730469
Costa Rica,CRI,2018,97.92443084716797
Cote d'Ivoire,CIV,1988,23.433780670166016
Cote d'Ivoire,CIV,1998,28.476669311523438
Cote d'Ivoire,CIV,2000,38.61450958251953
Cote d'Ivoire,CIV,2012,30.461719512939453
Cote d'Ivoire,CIV,2014,36.78424835205078
Cote d'Ivoire,CIV,2019,86.74124908447266
Croatia,HRV,1991,94.81722259521484
Croatia,HRV,2001,97.08390045166016
Croatia,HRV,2011,98.66590881347656
Cuba,CUB,2002,99.7909164428711
Cuba,CUB,2012,99.79988098144531
Cyprus,CYP,1992,91.00177764892578
Cyprus,CYP,2001,95.07965850830078
Cyprus,CYP,2011,98.11622619628906
Democratic Republic of Congo,COD,2001,54.0609016418457
Democratic Republic of Congo,COD,2007,46.104251861572266
Democratic Republic of Congo,COD,2012,62.91864013671875
Democratic Republic of Congo,COD,2016,66.4999771118164
Dominican Republic,DOM,1981,72.53607940673828
Dominican Republic,DOM,2002,87.17709350585938
Dominican Republic,DOM,2007,88.27716827392578
Dominican Republic,DOM,2010,89.69730377197266
Dominican Republic,DOM,2011,90.22557067871094
Dominican Republic,DOM,2012,90.22416687011719
Dominican Republic,DOM,2013,91.2505111694336
Dominican Republic,DOM,2014,92.14778900146484
Dominican Republic,DOM,2015,92.32106018066406
Dominican Republic,DOM,2016,93.76412963867188
East Asia and Pacific,,1976,53.40584945678711
East Asia and Pacific,,1977,53.65800094604492
East Asia and Pacific,,1978,54.94926071166992
East Asia and Pacific,,1979,56.25688171386719
East Asia and Pacific,,1980,56.9752082824707
East Asia and Pacific,,1981,58.95901107788086
East Asia and Pacific,,1982,59.93360900878906
East Asia and Pacific,,1983,61.46649932861328
East Asia and Pacific,,1984,62.72092819213867
East Asia and Pacific,,1985,63.92504119873047
East Asia and Pacific,,1986,64.93743133544922
East Asia and Pacific,,1987,66.34764099121094
East Asia and Pacific,,1988,71.57933044433594
East Asia and Pacific,,1989,72.50109100341797
East Asia and Pacific,,1990,72.62210845947266
East Asia and Pacific,,1991,74.06493377685547
East Asia and Pacific,,1992,74.80120086669922
East Asia and Pacific,,1993,75.51358032226562
East Asia and Pacific,,1994,76.29125213623047
East Asia and Pacific,,1995,77.06285858154297
East Asia and Pacific,,1996,77.73399353027344
East Asia and Pacific,,1997,84.95919036865234
East Asia and Pacific,,1998,85.46978759765625
East Asia and Pacific,,1999,85.95677947998047
East Asia and Pacific,,2000,86.32552337646484
East Asia and Pacific,,2001,86.9661636352539
East Asia and Pacific,,2002,87.505126953125
East Asia and Pacific,,2003,88.07752227783203
East Asia and Pacific,,2004,88.533447265625
East Asia and Pacific,,2005,89.04216766357422
East Asia and Pacific,,2006,89.62113189697266
East Asia and Pacific,,2007,91.04630279541016
East Asia and Pacific,,2008,91.4377212524414
East Asia and Pacific,,2009,91.93167877197266
East Asia and Pacific,,2010,92.02303314208984
East Asia and Pacific,,2011,91.84757995605469
East Asia and Pacific,,2012,92.16629791259766
East Asia and Pacific,,2013,92.30757141113281
East Asia and Pacific,,2014,92.99639129638672
East Asia and Pacific,,2015,93.24960327148438
East Asia and Pacific,,2016,93.46089172363281
East Asia and Pacific,,2017,93.72992706298828
East Asia and Pacific,,2018,93.96881866455078
East Asia and Pacific,,2019,94.17939758300781
East Asia and Pacific,,2020,94.39044952392578
Ecuador,ECU,1982,80.40522766113281
Ecuador,ECU,1990,86.19332885742188
Ecuador,ECU,2001,89.69709014892578
Ecuador,ECU,2007,90.86557006835938
Ecuador,ECU,2008,91.12256622314453
Ecuador,ECU,2009,90.91754913330078
Ecuador,ECU,2010,90.47010803222656
Ecuador,ECU,2011,90.22081756591797
Ecuador,ECU,2012,90.9516830444336
Ecuador,ECU,2013,92.21807861328125
Ecuador,ECU,2014,93.25386047363281
Ecuador,ECU,2015,93.25662231445312
Ecuador,ECU,2016,93.31452941894531
Ecuador,ECU,2017,92.0866928100586
Ecuador,ECU,2020,92.49024200439453
Egypt,EGY,1976,22.43800926208496
Egypt,EGY,1986,31.392669677734375
Egypt,EGY,1996,43.59531021118164
Egypt,EGY,2005,56.121551513671875
Egypt,EGY,2006,57.81190872192383
Egypt,EGY,2010,63.51580810546875
Egypt,EGY,2012,65.75666046142578
Egypt,EGY,2013,62.70521926879883
Egypt,EGY,2017,65.50569152832031
El Salvador,SLV,1992,71.28053283691406
El Salvador,SLV,2006,81.00382232666016
El Salvador,SLV,2007,79.6621322631836
El Salvador,SLV,2008,81.3594970703125
El Salvador,SLV,2009,81.81794738769531
El Salvador,SLV,2010,82.30802154541016
El Salvador,SLV,2011,83.01564025878906
El Salvador,SLV,2013,84.67034912109375
El Salvador,SLV,2015,86.21710205078125
El Salvador,SLV,2016,86.32642364501953
El Salvador,SLV,2017,86.67363739013672
El Salvador,SLV,2018,87.23413848876953
El Salvador,SLV,2019,87.31858825683594
Equatorial Guinea,GNQ,2000,81.62300109863281
Equatorial Guinea,GNQ,2010,90.67607879638672
Eritrea,ERI,2002,40.22441864013672
Eritrea,ERI,2008,54.80107116699219
Eritrea,ERI,2018,68.9461898803711
Estonia,EST,1989,99.60147857666016
Estonia,EST,2000,99.76006317138672
Estonia,EST,2011,99.90947723388672
Eswatini,SWZ,1976,53.665958404541016
Eswatini,SWZ,1986,65.2228775024414
Eswatini,SWZ,2000,80.32875061035156
Eswatini,SWZ,2010,82.44754791259766
Eswatini,SWZ,2018,88.54268646240234
Ethiopia,ETH,1994,18.51498031616211
Ethiopia,ETH,2004,22.799999237060547
Ethiopia,ETH,2005,17.97719955444336
Ethiopia,ETH,2007,28.921640396118164
Ethiopia,ETH,2017,44.42338180541992
Europe and Central Asia,,1994,94.10575866699219
Europe and Central Asia,,1995,94.30317687988281
Europe and Central Asia,,1996,94.5379867553711
Europe and Central Asia,,1997,94.71788787841797
Europe and Central Asia,,1998,94.97334289550781
Europe and Central Asia,,1999,95.13984680175781
Europe and Central Asia,,2000,95.17729949951172
Europe and Central Asia,,2001,95.31178283691406
Europe and Central Asia,,2002,95.50958251953125
Europe and Central Asia,,2003,95.63961029052734
Europe and Central Asia,,2004,95.80754852294922
Europe and Central Asia,,2005,95.82005310058594
Europe and Central Asia,,2006,95.99308776855469
Europe and Central Asia,,2007,96.04844665527344
Europe and Central Asia,,2008,96.2576904296875
Europe and Central Asia,,2009,96.57801818847656
Europe and Central Asia,,2010,96.8193588256836
Europe and Central Asia,,2011,97.2597427368164
Europe and Central Asia,,2012,97.40973663330078
Europe and Central Asia,,2013,97.50552368164062
Europe and Central Asia,,2014,97.57137298583984
Europe and Central Asia,,2015,97.6362075805664
Europe and Central Asia,,2016,97.76799011230469
Europe and Central Asia,,2017,97.7851333618164
Europe and Central Asia,,2018,97.88170623779297
Europe and Central Asia,,2019,97.9422836303711
Europe and Central Asia,,2020,98.0103988647461
Gabon,GAB,1993,65.32630920410156
Gabon,GAB,2012,79.87896728515625
Gabon,GAB,2018,83.4239730834961
Gambia,GMB,2000,25.06155014038086
Gambia,GMB,2013,33.57535171508789
Gambia,GMB,2015,41.57701873779297
Georgia,GEO,2002,99.55284881591797
Georgia,GEO,2014,99.51457977294922
Georgia,GEO,2017,99.29474639892578
Georgia,GEO,2019,99.45179748535156
Ghana,GHA,2000,49.791961669921875
Ghana,GHA,2010,65.29469299316406
Ghana,GHA,2018,74.4743881225586
Greece,GRC,1981,85.31999206542969
Greece,GRC,1991,89.35330200195312
Greece,GRC,2001,94.23941040039062
Greece,GRC,2005,90.76541137695312
Greece,GRC,2007,91.81246948242188
Greece,GRC,2009,91.84761047363281
Greece,GRC,2011,96.50211334228516
Greece,GRC,2018,97.39409637451172
Grenada,GRD,1970,97.58978271484375
Grenada,GRD,1984,98.5999984741211
Grenada,GRD,1994,98.5999984741211
Grenada,GRD,2004,98.5999984741211
Grenada,GRD,2014,98.5999984741211
Guam,GUM,1980,96.46308135986328
Guam,GUM,1990,99.30850219726562
Guatemala,GTM,1994,57.292659759521484
Guatemala,GTM,2002,63.34138107299805
Guatemala,GTM,2012,72.42803955078125
Guatemala,GTM,2013,72.1275863647461
Guatemala,GTM,2014,76.37065887451172
Guatemala,GTM,2018,76.72338104248047
Guinea,GIN,1996,9.743069648742676
Guinea,GIN,2003,18.238679885864258
Guinea,GIN,2010,12.191949844360352
Guinea,GIN,2014,21.962249755859375
Guinea,GIN,2018,27.69256019592285
Guinea-Bissau,GNB,1979,8.58825969696045
Guinea-Bissau,GNB,2000,27.49420928955078
Guinea-Bissau,GNB,2014,30.768510818481445
Guyana,GUY,2009,87.25198364257812
Guyana,GUY,2014,85.03460693359375
Haiti,HTI,1982,32.524959564208984
Haiti,HTI,2003,54.86146926879883
Haiti,HTI,2006,44.599449157714844
Haiti,HTI,2016,58.30052185058594
Honduras,HND,2001,80.22360229492188
Honduras,HND,2007,83.45276641845703
Honduras,HND,2010,84.72502899169922
Honduras,HND,2011,84.93026733398438
Honduras,HND,2012,85.05148315429688
Honduras,HND,2013,85.28472900390625
Honduras,HND,2014,87.02599334716797
Honduras,HND,2015,87.8936996459961
Honduras,HND,2016,88.93486022949219
Honduras,HND,2018,87.26555633544922
Honduras,HND,2019,88.73169708251953
Hungary,HUN,1980,98.45413208007812
Hungary,HUN,2014,99.0999984741211
India,IND,1981,25.676250457763672
India,IND,1991,33.729530334472656
India,IND,2001,47.842098236083984
India,IND,2006,50.823760986328125
India,IND,2011,59.277320861816406
India,IND,2018,65.79080963134766
Indonesia,IDN,1980,57.69462966918945
Indonesia,IDN,1990,75.2701187133789
Indonesia,IDN,2004,86.79959106445312
Indonesia,IDN,2006,88.78697967529297
Indonesia,IDN,2008,89.10138702392578
Indonesia,IDN,2009,89.67711639404297
Indonesia,IDN,2011,90.0687026977539
Indonesia,IDN,2014,93.45089721679688
Indonesia,IDN,2015,93.33570861816406
Indonesia,IDN,2016,93.58692169189453
Indonesia,IDN,2018,93.99217987060547
Indonesia,IDN,2020,94.55235290527344
Iran,IRN,1976,24.423080444335938
Iran,IRN,1986,41.03395080566406
Iran,IRN,1991,56.15642166137695
Iran,IRN,1996,66.06775665283203
Iran,IRN,2002,70.4000015258789
Iran,IRN,2005,76.80264282226562
Iran,IRN,2006,77.24002075195312
Iran,IRN,2008,77.69471740722656
Iran,IRN,2012,78.41626739501953
Iran,IRN,2013,79.7558364868164
Iran,IRN,2014,79.83934783935547
Iran,IRN,2016,80.78743743896484
Iraq,IRQ,2000,64.16950225830078
Iraq,IRQ,2012,69
Iraq,IRQ,2013,63.400001525878906
Iraq,IRQ,2014,74.5999984741211
Iraq,IRQ,2016,76.80000305175781
Iraq,IRQ,2017,79.9000015258789
Israel,ISR,1983,88.67472076416016
Italy,ITA,1981,95.53666687011719
Italy,ITA,2001,98.04215240478516
Italy,ITA,2011,98.5795669555664
Italy,ITA,2018,98.97191619873047
Jamaica,JAM,1999,85.87207794189453
Jamaica,JAM,2014,92.69999694824219
Jordan,JOR,1979,52.11061096191406
Jordan,JOR,2003,84.71392059326172
Jordan,JOR,2005,87.00581359863281
Jordan,JOR,2007,88.90331268310547
Jordan,JOR,2010,89.2077407836914
Jordan,JOR,2011,93.93345642089844
Jordan,JOR,2012,97.37200927734375
Jordan,JOR,2018,97.83207702636719
Kazakhstan,KAZ,1989,96.1387710571289
Kazakhstan,KAZ,1999,99.28990173339844
Kazakhstan,KAZ,2009,99.68428802490234
Kazakhstan,KAZ,2010,99.7389907836914
Kazakhstan,KAZ,2018,99.7389907836914
Kenya,KEN,2000,77.89298248291016
Kenya,KEN,2007,66.86312103271484
Kenya,KEN,2014,74.00631713867188
Kenya,KEN,2018,78.18892669677734
Kuwait,KWT,1975,48.01520919799805
Kuwait,KWT,1980,59.11050033569336
Kuwait,KWT,1985,68.84937286376953
Kuwait,KWT,1995,74.14871978759766
Kuwait,KWT,2005,91.0425033569336
Kuwait,KWT,2006,90.82862854003906
Kuwait,KWT,2007,91.50348663330078
Kuwait,KWT,2008,91.77864837646484
Kuwait,KWT,2010,92.68093872070312
Kuwait,KWT,2012,94.96524810791016
Kuwait,KWT,2013,94.30116271972656
Kuwait,KWT,2015,94.47004699707031
Kuwait,KWT,2017,94.82576751708984
Kuwait,KWT,2018,94.90515899658203
Kuwait,KWT,2020,95.35169982910156
Kyrgyzstan,KGZ,1999,98.13063049316406
Kyrgyzstan,KGZ,2009,98.98120880126953
Kyrgyzstan,KGZ,2018,99.49971771240234
Laos,LAO,1995,47.90235900878906
Laos,LAO,2000,58.46070098876953
Laos,LAO,2001,60.90251922607422
Laos,LAO,2005,63.22698974609375
Laos,LAO,2011,49.723079681396484
Laos,LAO,2015,79.39103698730469
Latin America and Caribbean,,1974,76.07682800292969
Latin America and Caribbean,,1975,76.07552337646484
Latin America and Caribbean,,1976,76.50443267822266
Latin America and Caribbean,,1977,76.99752044677734
Latin America and Caribbean,,1978,77.54052734375
Latin America and Caribbean,,1979,78.0408935546875
Latin America and Caribbean,,1980,78.61042785644531
Latin America and Caribbean,,1981,79.01374053955078
Latin America and Caribbean,,1982,79.49122619628906
Latin America and Caribbean,,1983,79.97611999511719
Latin America and Caribbean,,1984,80.45175170898438
Latin America and Caribbean,,1985,80.91516876220703
Latin America and Caribbean,,1986,81.37152099609375
Latin America and Caribbean,,1987,81.6444320678711
Latin America and Caribbean,,1988,82.23477935791016
Latin America and Caribbean,,1989,82.77749633789062
Latin America and Caribbean,,1990,83.26480102539062
Latin America and Caribbean,,1991,83.81996154785156
Latin America and Caribbean,,1992,84.48304748535156
Latin America and Caribbean,,1993,85.14518737792969
Latin America and Caribbean,,1994,85.69998931884766
Latin America and Caribbean,,1995,86.3116683959961
Latin America and Caribbean,,1996,86.69251251220703
Latin America and Caribbean,,1997,86.99028015136719
Latin America and Caribbean,,1998,87.53584289550781
Latin America and Caribbean,,1999,87.8858871459961
Latin America and Caribbean,,2000,88.20384216308594
Latin America and Caribbean,,2001,88.22773742675781
Latin America and Caribbean,,2002,88.4052734375
Latin America and Caribbean,,2003,89.20848846435547
Latin America and Caribbean,,2004,89.21810913085938
Latin America and Caribbean,,2005,89.73844146728516
Latin America and Caribbean,,2006,89.62124633789062
Latin America and Caribbean,,2007,90.3398208618164
Latin America and Caribbean,,2008,90.58627319335938
Latin America and Caribbean,,2009,90.95128631591797
Latin America and Caribbean,,2010,91.08650207519531
Latin America and Caribbean,,2011,91.64396667480469
Latin America and Caribbean,,2012,91.96498107910156
Latin America and Caribbean,,2013,92.03547668457031
Latin America and Caribbean,,2014,92.50640869140625
Latin America and Caribbean,,2015,92.66040802001953
Latin America and Caribbean,,2016,93.11920928955078
Latin America and Caribbean,,2017,93.25437927246094
Latin America and Caribbean,,2018,93.4492416381836
Latin America and Caribbean,,2019,93.89594268798828
Latin America and Caribbean,,2020,94.06754302978516
Latvia,LVA,1989,99.18879699707031
Latvia,LVA,2000,99.70973205566406
Latvia,LVA,2011,99.90792083740234
Latvia,LVA,2018,99.90640258789062
Lebanon,LBN,2007,85.96778106689453
Lebanon,LBN,2009,88.0870590209961
Lebanon,LBN,2018,93.30500793457031
Lesotho,LSO,2000,92.04644775390625
Lesotho,LSO,2009,84.96395874023438
Lesotho,LSO,2014,84.93489074707031
Liberia,LBR,1984,19.30278968811035
Liberia,LBR,2007,27.034910202026367
Liberia,LBR,2017,34.09225845336914
Libya,LBY,1984,42.31354904174805
Libya,LBY,1994,63.70000076293945
Libya,LBY,2004,77.80000305175781
Lithuania,LTU,1989,97.7815933227539
Lithuania,LTU,2001,99.64794158935547
Lithuania,LTU,2011,99.83323669433594
Low and middle income,,1975,48.268768310546875
Low and middle income,,1976,48.41551971435547
Low and middle income,,1977,48.71989059448242
Low and middle income,,1978,49.52083969116211
Low and middle income,,1979,50.299129486083984
Low and middle income,,1980,50.86090850830078
Low and middle income,,1981,51.82732009887695
Low and middle income,,1982,52.6568489074707
Low and middle income,,1983,53.60945129394531
Low and middle income,,1984,54.55121994018555
Low and middle income,,1985,55.38629913330078
Low and middle income,,1986,56.15153884887695
Low and middle income,,1987,57.071170806884766
Low and middle income,,1988,59.59748077392578
Low and middle income,,1989,60.3190803527832
Low and middle income,,1990,60.78356170654297
Low and middle income,,1991,61.70473861694336
Low and middle income,,1992,62.36724090576172
Low and middle income,,1993,62.988731384277344
Low and middle income,,1994,63.67134094238281
Low and middle income,,1995,64.34522247314453
Low and middle income,,1996,65.03999328613281
Low and middle income,,1997,68.61930847167969
Low and middle income,,1998,70.10246276855469
Low and middle income,,1999,70.64314270019531
Low and middle income,,2000,70.89888000488281
Low and middle income,,2001,71.45519256591797
Low and middle income,,2002,71.95980834960938
Low and middle income,,2003,72.68437194824219
Low and middle income,,2004,73.28315734863281
Low and middle income,,2005,73.15302276611328
Low and middle income,,2006,73.9280014038086
Low and middle income,,2007,74.30538940429688
Low and middle income,,2008,74.91593170166016
Low and middle income,,2009,75.44508361816406
Low and middle income,,2010,76.3895034790039
Low and middle income,,2011,76.86344146728516
Low and middle income,,2012,77.40663146972656
Low and middle income,,2013,77.70111083984375
Low and middle income,,2014,78.37230682373047
Low and middle income,,2015,78.66841125488281
Low and middle income,,2016,79.32453155517578
Low and middle income,,2017,79.7357177734375
Low and middle income,,2018,79.83291625976562
Low and middle income,,2019,80.20710754394531
Low and middle income,,2020,80.5442886352539
Low income,,1988,35.711219787597656
Low income,,1989,36.14305877685547
Low income,,1990,36.616981506347656
Low income,,1991,36.82828140258789
Low income,,1992,36.92049026489258
Low income,,1993,37.18893814086914
Low income,,1994,37.7305793762207
Low income,,1995,37.96706008911133
Low income,,1996,38.4828987121582
Low income,,1997,39.35041046142578
Low income,,1998,40.0495491027832
Low income,,1999,40.70977020263672
Low income,,2000,41.51591873168945
Low income,,2001,42.39583969116211
Low income,,2002,41.97821044921875
Low income,,2003,42.65800857543945
Low income,,2004,43.968650817871094
Low income,,2005,43.525001525878906
Low income,,2006,41.612430572509766
Low income,,2007,43.24518966674805
Low income,,2008,43.71384048461914
Low income,,2009,44.21604919433594
Low income,,2010,44.91233825683594
Low income,,2011,47.3054084777832
Low income,,2012,47.87731170654297
Low income,,2013,48.91579818725586
Low income,,2014,49.42094039916992
Low income,,2015,50.23160934448242
Low income,,2016,51.30202102661133
Low income,,2017,52.348960876464844
Low income,,2018,52.91326904296875
Low income,,2019,53.50783920288086
Low income,,2020,54.07807922363281
Lower middle income,,1975,35.718299865722656
Lower middle income,,1976,35.80411148071289
Lower middle income,,1977,36.30025863647461
Lower middle income,,1978,36.8397216796875
Lower middle income,,1979,37.381629943847656
Lower middle income,,1980,37.92710876464844
Lower middle income,,1981,38.163360595703125
Lower middle income,,1982,39.04204177856445
Lower middle income,,1983,39.57836151123047
Lower middle income,,1984,40.21527862548828
Lower middle income,,1985,40.85742950439453
Lower middle income,,1986,41.36071014404297
Lower middle income,,1987,42.28932189941406
Lower middle income,,1988,42.47496032714844
Lower middle income,,1989,43.255130767822266
Lower middle income,,1990,43.993019104003906
Lower middle income,,1991,44.74571990966797
Lower middle income,,1992,45.580631256103516
Lower middle income,,1993,46.29090881347656
Lower middle income,,1994,47.196250915527344
Lower middle income,,1995,48.063079833984375
Lower middle income,,1996,48.9716796875
Lower middle income,,1997,49.79030990600586
Lower middle income,,1998,52.92285919189453
Lower middle income,,1999,53.7548713684082
Lower middle income,,2000,53.935970306396484
Lower middle income,,2001,54.65869903564453
Lower middle income,,2002,55.66410827636719
Lower middle income,,2003,56.58591079711914
Lower middle income,,2004,57.45948028564453
Lower middle income,,2005,56.777408599853516
Lower middle income,,2006,58.74449920654297
Lower middle income,,2007,58.06467056274414
Lower middle income,,2008,59.32442855834961
Lower middle income,,2009,60.16817855834961
Lower middle income,,2010,62.293609619140625
Lower middle income,,2011,62.85654830932617
Lower middle income,,2012,63.71516036987305
Lower middle income,,2013,64.3552017211914
Lower middle income,,2014,65.41397857666016
Lower middle income,,2015,66.31742858886719
Lower middle income,,2016,67.22427368164062
Lower middle income,,2017,68.07827758789062
Lower middle income,,2018,68.59158325195312
Lower middle income,,2019,69.28978729248047
Lower middle income,,2020,69.9617919921875
Macao,MAC,1981,86.21588134765625
Macao,MAC,2001,87.77497100830078
Macao,MAC,2006,90.72358703613281
Macao,MAC,2011,93.7319107055664
Macao,MAC,2016,95.0325698852539
Madagascar,MDG,2000,65.27857208251953
Madagascar,MDG,2005,54.75429916381836
Madagascar,MDG,2009,61.64141082763672
Madagascar,MDG,2012,68.2833023071289
Madagascar,MDG,2018,75.0705795288086
Malawi,MWI,1987,33.52302169799805
Malawi,MWI,1998,53.99711990356445
Malawi,MWI,2010,51.25196838378906
Malawi,MWI,2014,55.13098907470703
Malawi,MWI,2015,55.20410919189453
Malaysia,MYS,1980,61.24850082397461
Malaysia,MYS,1991,77.28308868408203
Malaysia,MYS,2000,85.35421752929688
Malaysia,MYS,2010,90.7476806640625
Malaysia,MYS,2016,93.36942291259766
Malaysia,MYS,2017,93.55406951904297
Malaysia,MYS,2018,93.50482940673828
Malaysia,MYS,2019,93.64668273925781
Maldives,MDV,1977,82.17816162109375
Maldives,MDV,1985,92.3590087890625
Maldives,MDV,1990,96.14601135253906
Maldives,MDV,1995,96.44297790527344
Maldives,MDV,2006,98.42984771728516
Maldives,MDV,2014,98.6916732788086
Maldives,MDV,2016,98.11470794677734
Mali,MLI,1976,5.7352800369262695
Mali,MLI,1998,11.89342975616455
Mali,MLI,2003,15.899999618530273
Mali,MLI,2006,18.19091033935547
Mali,MLI,2010,20.28792953491211
Mali,MLI,2011,18.90468978881836
Mali,MLI,2015,22.195810317993164
Mali,MLI,2018,25.73516082763672
Mali,MLI,2020,22.07847023010254
Malta,MLT,1985,87.2861328125
Malta,MLT,1995,89.24263763427734
Malta,MLT,2005,93.5042495727539
Malta,MLT,2011,94.7900390625
Malta,MLT,2018,95.98872375488281
Marshall Islands,MHL,2011,98.2029800415039
Mauritania,MRT,2000,43.4173583984375
Mauritania,MRT,2007,35.34843063354492
Mauritania,MRT,2013,56.59244155883789
Mauritania,MRT,2017,43.35438919067383
Mauritius,MUS,1990,74.660888671875
Mauritius,MUS,2000,80.50003051757812
Mauritius,MUS,2011,86.65807342529297
Mauritius,MUS,2012,88.9793472290039
Mauritius,MUS,2013,89.05094146728516
Mauritius,MUS,2014,90.28331756591797
Mauritius,MUS,2015,90.65402221679688
Mauritius,MUS,2016,90.98055267333984
Mauritius,MUS,2018,89.36637878417969
Mexico,MEX,1980,79.89099884033203
Mexico,MEX,1990,84.9559097290039
Mexico,MEX,2000,88.68203735351562
Mexico,MEX,2002,88.72863006591797
Mexico,MEX,2004,89.63101959228516
Mexico,MEX,2005,90.21041107177734
Mexico,MEX,2006,89.83451080322266
Mexico,MEX,2007,91.35555267333984
Mexico,MEX,2008,91.45361328125
Mexico,MEX,2009,92.11624908447266
Mexico,MEX,2010,91.8534164428711
Mexico,MEX,2011,92.3382797241211
Mexico,MEX,2012,93.17923736572266
Mexico,MEX,2013,92.90393829345703
Mexico,MEX,2014,93.59133911132812
Mexico,MEX,2015,93.4854965209961
Mexico,MEX,2016,93.96852111816406
Mexico,MEX,2017,94.16575622558594
Mexico,MEX,2018,94.60804748535156
Mexico,MEX,2020,94.49513244628906
Middle East and North Africa,,1973,28.46799087524414
Middle East and North Africa,,1974,28.974279403686523
Middle East and North Africa,,1975,29.517009735107422
Middle East and North Africa,,1976,30.266220092773438
Middle East and North Africa,,1977,30.684059143066406
Middle East and North Africa,,1978,31.40481948852539
Middle East and North Africa,,1979,32.18711853027344
Middle East and North Africa,,1980,33.013301849365234
Middle East and North Africa,,1981,33.85826110839844
Middle East and North Africa,,1982,34.826171875
Middle East and North Africa,,1983,35.89356994628906
Middle East and North Africa,,1984,37.02666091918945
Middle East and North Africa,,1985,38.071388244628906
Middle East and North Africa,,1986,39.30070114135742
Middle East and North Africa,,1987,40.26411056518555
Middle East and North Africa,,1988,41.516639709472656
Middle East and North Africa,,1989,42.7576904296875
Middle East and North Africa,,1990,45.544960021972656
Middle East and North Africa,,1991,47.03047180175781
Middle East and North Africa,,1992,48.25606918334961
Middle East and North Africa,,1993,48.817588806152344
Middle East and North Africa,,1994,50.137699127197266
Middle East and North Africa,,1995,52.051788330078125
Middle East and North Africa,,1996,53.83073043823242
Middle East and North Africa,,1997,54.90721893310547
Middle East and North Africa,,1998,56.36045837402344
Middle East and North Africa,,1999,57.728981018066406
Middle East and North Africa,,2000,59.063289642333984
Middle East and North Africa,,2001,60.36212158203125
Middle East and North Africa,,2002,60.88233184814453
Middle East and North Africa,,2003,64.03885650634766
Middle East and North Africa,,2004,65.2930908203125
Middle East and North Africa,,2005,65.17256164550781
Middle East and North Africa,,2006,66.12442016601562
Middle East and North Africa,,2007,66.5801010131836
Middle East and North Africa,,2008,67.46466827392578
Middle East and North Africa,,2009,67.6424331665039
Middle East and North Africa,,2010,68.74935913085938
Middle East and North Africa,,2011,69.60183715820312
Middle East and North Africa,,2012,72.2800064086914
Middle East and North Africa,,2013,71.71695709228516
Middle East and North Africa,,2014,73.85565948486328
Middle East and North Africa,,2015,72.3262710571289
Middle East and North Africa,,2016,73.5672378540039
Middle East and North Africa,,2017,75.10578918457031
Middle East and North Africa,,2018,72.35565948486328
Middle East and North Africa,,2019,72.7718505859375
Middle East and North Africa,,2020,73.1993179321289
Middle income,,1975,49.429298400878906
Middle income,,1976,49.571720123291016
Middle income,,1977,49.879940032958984
Middle income,,1978,50.716270446777344
Middle income,,1979,51.527130126953125
Middle income,,1980,52.101131439208984
Middle income,,1981,53.0984992980957
Middle income,,1982,53.94989013671875
Middle income,,1983,54.931331634521484
Middle income,,1984,55.903221130371094
Middle income,,1985,56.76203918457031
Middle income,,1986,57.55195999145508
Middle income,,1987,58.49647903442383
Middle income,,1988,61.16149139404297
Middle income,,1989,61.908660888671875
Middle income,,1990,62.38103103637695
Middle income,,1991,63.361698150634766
Middle income,,1992,64.07524108886719
Middle income,,1993,64.73433685302734
Middle income,,1994,65.44209289550781
Middle income,,1995,66.16348266601562
Middle income,,1996,66.87837219238281
Middle income,,1997,70.65912628173828
Middle income,,1998,72.21395111083984
Middle income,,1999,72.7632064819336
Middle income,,2000,72.99574279785156
Middle income,,2001,73.5462875366211
Middle income,,2002,74.13455200195312
Middle income,,2003,74.88031005859375
Middle income,,2004,75.4476318359375
Middle income,,2005,75.36569213867188
Middle income,,2006,76.36968231201172
Middle income,,2007,76.68370819091797
Middle income,,2008,77.33985900878906
Middle income,,2009,77.90701293945312
Middle income,,2010,78.9072494506836
Middle income,,2011,79.2602767944336
Middle income,,2012,79.83426666259766
Middle income,,2013,80.10096740722656
Middle income,,2014,80.82150268554688
Middle income,,2015,81.11119842529297
Middle income,,2016,81.76921081542969
Middle income,,2017,82.16377258300781
Middle income,,2018,82.26000213623047
Middle income,,2019,82.65685272216797
Middle income,,2020,83.01712799072266
Moldova,MDA,1989,94.4444808959961
Moldova,MDA,2000,95.49230194091797
Moldova,MDA,2014,99.14041900634766
Mongolia,MNG,2000,97.52880096435547
Mongolia,MNG,2010,98.33663177490234
Mongolia,MNG,2018,98.64888763427734
Mongolia,MNG,2020,99.2410888671875
Montenegro,MNE,1981,83.23545837402344
Montenegro,MNE,1991,97.77604675292969
Montenegro,MNE,2003,96.3188705444336
Montenegro,MNE,2011,97.5005111694336
Montenegro,MNE,2018,98.27134704589844
Morocco,MAR,1982,17.514869689941406
Morocco,MAR,1994,28.725419998168945
Morocco,MAR,2004,39.61956024169922
Morocco,MAR,2008,42.58784866333008
Morocco,MAR,2009,43.92108154296875
Morocco,MAR,2011,57.639991760253906
Morocco,MAR,2012,59.130638122558594
Morocco,MAR,2014,53.31092071533203
Morocco,MAR,2018,64.59137725830078
Mozambique,MOZ,1980,12.096529960632324
Mozambique,MOZ,1997,24.96419906616211
Mozambique,MOZ,2003,33.1939582824707
Mozambique,MOZ,2009,36.45227813720703
Mozambique,MOZ,2015,43.062461853027344
Mozambique,MOZ,2017,50.29513931274414
Myanmar,MMR,1983,71.63086700439453
Myanmar,MMR,2000,86.41517639160156
Myanmar,MMR,2016,71.84699249267578
Myanmar,MMR,2019,86.26860809326172
Namibia,NAM,1991,73.98660278320312
Namibia,NAM,2001,83.54032135009766
Namibia,NAM,2007,78.35098266601562
Namibia,NAM,2011,87.95105743408203
Namibia,NAM,2018,91.43643188476562
Nepal,NPL,1981,9.153120040893555
Nepal,NPL,1991,17.381790161132812
Nepal,NPL,2001,34.88676071166992
Nepal,NPL,2011,48.837589263916016
Nepal,NPL,2018,59.724430084228516
New Caledonia,NCL,1976,90.310791015625
New Caledonia,NCL,1989,92.07344055175781
New Caledonia,NCL,1996,95.46530151367188
New Caledonia,NCL,2014,97.5
Nicaragua,NIC,2001,76.6016616821289
Nicaragua,NIC,2005,77.9160385131836
Nicaragua,NIC,2015,82.77935028076172
Niger,NER,2001,9.3993501663208
Niger,NER,2005,15.084139823913574
Niger,NER,2012,22.55129051208496
Niger,NER,2018,26.649999618530273
Nigeria,NGA,1991,43.72919845581055
Nigeria,NGA,2003,43.32204818725586
Nigeria,NGA,2006,64.2544937133789
Nigeria,NGA,2008,41.38676071166992
Nigeria,NGA,2018,52.65647888183594
North Korea,PRK,2008,99.99761199951172
North Macedonia,MKD,1994,90.92801666259766
North Macedonia,MKD,2002,94.05606842041016
North Macedonia,MKD,2014,96.69999694824219
North Macedonia,MKD,2020,97.60762023925781
Oman,OMN,2003,73.53170776367188
Oman,OMN,2008,80.87226104736328
Oman,OMN,2010,81.80323028564453
Oman,OMN,2014,88.92669677734375
Oman,OMN,2015,86.0372085571289
Oman,OMN,2016,90.94416046142578
Oman,OMN,2017,92.22560119628906
Oman,OMN,2018,92.6939926147461
Pakistan,PAK,1981,14.771550178527832
Pakistan,PAK,1998,29.043840408325195
Pakistan,PAK,2005,35.36751937866211
Pakistan,PAK,2006,39.61323165893555
Pakistan,PAK,2007,38.457759857177734
Pakistan,PAK,2008,40.081180572509766
Pakistan,PAK,2009,40.31462097167969
Pakistan,PAK,2010,41.01552963256836
Pakistan,PAK,2011,41.97539138793945
Pakistan,PAK,2012,43.07189178466797
Pakistan,PAK,2013,41.97494125366211
Pakistan,PAK,2014,44.28342056274414
Pakistan,PAK,2017,46.46767044067383
Pakistan,PAK,2018,45.398399353027344
Pakistan,PAK,2019,46.49003982543945
Palau,PLW,1980,90.50324249267578
Palau,PLW,2013,99.52793884277344
Palau,PLW,2015,96.34014892578125
Palestine,PSE,1997,79.76364135742188
Palestine,PSE,2004,88.7657470703125
Palestine,PSE,2006,89.75801086425781
Palestine,PSE,2007,90.34676361083984
Palestine,PSE,2008,90.75170135498047
Palestine,PSE,2009,91.4814682006836
Palestine,PSE,2010,91.84744262695312
Palestine,PSE,2011,92.24562072753906
Palestine,PSE,2012,93.21846008300781
Palestine,PSE,2013,93.77192687988281
Palestine,PSE,2014,94.09632873535156
Palestine,PSE,2015,94.53014373779297
Palestine,PSE,2016,94.88633728027344
Palestine,PSE,2017,95.28157806396484
Palestine,PSE,2018,95.74188995361328
Palestine,PSE,2019,95.91488647460938
Palestine,PSE,2020,96.20166778564453
Panama,PAN,1980,88.0465316772461
Panama,PAN,1990,88.21485137939453
Panama,PAN,2000,91.24717712402344
Panama,PAN,2010,93.48526000976562
Panama,PAN,2018,94.88172149658203
Panama,PAN,2019,95.35887908935547
Papua New Guinea,PNG,2000,50.91773986816406
Papua New Guinea,PNG,2010,57.900001525878906
Paraguay,PRY,1982,75.85298156738281
Paraguay,PRY,1992,88.55870819091797
Paraguay,PRY,2007,93.4532699584961
Paraguay,PRY,2008,92.49443054199219
Paraguay,PRY,2009,93.14401245117188
Paraguay,PRY,2010,92.92574310302734
Paraguay,PRY,2012,93.58785247802734
Paraguay,PRY,2013,94.46626281738281
Paraguay,PRY,2014,94.21479797363281
Paraguay,PRY,2015,94.87442016601562
Paraguay,PRY,2016,93.83505249023438
Paraguay,PRY,2018,93.53170776367188
Paraguay,PRY,2019,92.65534210205078
Paraguay,PRY,2020,94.18141174316406
Peru,PER,1981,73.85833740234375
Peru,PER,1993,81.65875244140625
Peru,PER,2004,82.0626220703125
Peru,PER,2005,82.4543685913086
Peru,PER,2006,83.45487213134766
Peru,PER,2007,84.64688110351562
Peru,PER,2012,90.66883087158203
Peru,PER,2014,90.44918060302734
Peru,PER,2015,91.24652862548828
Peru,PER,2016,91.18852996826172
Peru,PER,2017,91.27012634277344
Peru,PER,2018,91.70310974121094
Peru,PER,2020,92.01902770996094
Philippines,PHL,1980,82.76215362548828
Philippines,PHL,1990,93.18071746826172
Philippines,PHL,1994,94.53865051269531
Philippines,PHL,2000,92.6549072265625
Philippines,PHL,2003,93.56452941894531
Philippines,PHL,2008,95.82563018798828
Philippines,PHL,2013,96.78736114501953
Philippines,PHL,2015,98.24175262451172
Philippines,PHL,2019,96.85243225097656
Poland,POL,1978,98.25198364257812
Poland,POL,1988,98.25198364257812
Poland,POL,1998,98.25198364257812
Poland,POL,2008,98.25198364257812
Portugal,PRT,1981,74.60798645019531
Portugal,PRT,1991,84.65821075439453
Portugal,PRT,2011,92.86077117919922
Portugal,PRT,2018,95.07251739501953
Puerto Rico,PRI,1980,85.850341796875
Puerto Rico,PRI,1990,89.73095703125
Puerto Rico,PRI,2010,92.5301513671875
Puerto Rico,PRI,2017,92.39002227783203
Qatar,QAT,1986,72.45894622802734
Qatar,QAT,1997,80.88867950439453
Qatar,QAT,2004,86.711181640625
Qatar,QAT,2007,90.43611907958984
Qatar,QAT,2008,89.13771057128906
Qatar,QAT,2009,90.15306854248047
Qatar,QAT,2010,91.89582061767578
Qatar,QAT,2011,90.24652862548828
Qatar,QAT,2012,90.81172180175781
Qatar,QAT,2013,91.72962951660156
Qatar,QAT,2014,92.45240020751953
Qatar,QAT,2016,94.20703887939453
Qatar,QAT,2017,94.71150970458984
Romania,ROU,1992,94.9826889038086
Romania,ROU,2002,96.26631927490234
Romania,ROU,2011,98.20520782470703
Romania,ROU,2018,98.59976959228516
Russia,RUS,1989,96.75817108154297
Russia,RUS,2002,99.22836303710938
Russia,RUS,2010,99.64778137207031
Russia,RUS,2018,99.7341079711914
Rwanda,RWA,1978,26.573579788208008
Rwanda,RWA,2000,59.75033950805664
Rwanda,RWA,2010,61.54861068725586
Rwanda,RWA,2012,64.66448974609375
Rwanda,RWA,2014,66.13744354248047
Rwanda,RWA,2018,69.39453887939453
Saint Vincent and the Grenadines,VCT,1970,95.5
Samoa,WSM,1991,97.42173767089844
Samoa,WSM,2011,99.06952667236328
Samoa,WSM,2018,99.24504089355469
Sao Tome and Principe,STP,1981,42.363380432128906
Sao Tome and Principe,STP,1991,61.92047882080078
Sao Tome and Principe,STP,2001,77.94922637939453
Sao Tome and Principe,STP,2008,60.083030700683594
Sao Tome and Principe,STP,2012,85.44170379638672
Sao Tome and Principe,STP,2018,89.51573181152344
Saudi Arabia,SAU,1992,57.27783966064453
Saudi Arabia,SAU,2000,69.29119110107422
Saudi Arabia,SAU,2004,76.33515930175781
Saudi Arabia,SAU,2013,91.36924743652344
Saudi Arabia,SAU,2017,92.70719909667969
Saudi Arabia,SAU,2020,96.04924774169922
Senegal,SEN,1988,17.863269805908203
Senegal,SEN,2002,29.247339248657227
Senegal,SEN,2006,32.987579345703125
Senegal,SEN,2009,37.42441177368164
Senegal,SEN,2011,40.25495147705078
Senegal,SEN,2013,33.76036071777344
Senegal,SEN,2017,39.798561096191406
Serbia,SRB,2003,94.06828308105469
Serbia,SRB,2011,96.74910736083984
Serbia,SRB,2016,98.22827911376953
Serbia,SRB,2019,99.11560821533203
Seychelles,SYC,1987,85.48930358886719
Seychelles,SYC,1994,88.58660125732422
Seychelles,SYC,2002,92.25897979736328
Seychelles,SYC,2010,94.44898223876953
Seychelles,SYC,2018,96.3501968383789
Sierra Leone,SLE,2004,24.1589298248291
Sierra Leone,SLE,2013,24.856679916381836
Sierra Leone,SLE,2018,34.85203170776367
Singapore,SGP,1980,73.96853637695312
Singapore,SGP,1990,83.02684783935547
Singapore,SGP,2000,88.64517974853516
Singapore,SGP,2010,93.77481079101562
Singapore,SGP,2011,94.0683364868164
Singapore,SGP,2012,94.35958862304688
Singapore,SGP,2013,94.6418685913086
Singapore,SGP,2014,94.91132354736328
Singapore,SGP,2015,95.1906509399414
Singapore,SGP,2016,95.44789123535156
Singapore,SGP,2017,95.68946838378906
Singapore,SGP,2018,95.9194107055664
Singapore,SGP,2019,96.13475799560547
Slovenia,SVN,1991,99.45375061035156
Slovenia,SVN,2004,99.5999984741211
Slovenia,SVN,2014,99.5999984741211
Solomon Islands,SLB,1999,69
Solomon Islands,SLB,2009,69
Somalia,SOM,1972,3.6871700286865234
South Africa,ZAF,1980,74.80718994140625
South Africa,ZAF,1996,80.92862701416016
South Africa,ZAF,2007,87.04309844970703
South Africa,ZAF,2009,91.76815795898438
South Africa,ZAF,2010,91.7139892578125
South Africa,ZAF,2011,92.04788970947266
South Africa,ZAF,2012,92.58625030517578
South Africa,ZAF,2014,93.07305908203125
South Africa,ZAF,2015,93.40802764892578
South Africa,ZAF,2017,86.45863342285156
South Africa,ZAF,2019,94.53317260742188
South Asia,,1975,21.426719665527344
South Asia,,1976,21.436809539794922
South Asia,,1977,22.171789169311523
South Asia,,1978,22.921340942382812
South Asia,,1979,23.67721939086914
South Asia,,1980,24.422330856323242
South Asia,,1981,24.655380249023438
South Asia,,1982,25.912799835205078
South Asia,,1983,26.704219818115234
South Asia,,1984,27.50632095336914
South Asia,,1985,28.32025909423828
South Asia,,1986,29.144609451293945
South Asia,,1987,29.98073959350586
South Asia,,1988,29.959409713745117
South Asia,,1989,30.87265968322754
South Asia,,1990,31.768640518188477
South Asia,,1991,32.432960510253906
South Asia,,1992,33.55332946777344
South Asia,,1993,34.46977996826172
South Asia,,1994,35.39984130859375
South Asia,,1995,36.35480880737305
South Asia,,1996,37.331809997558594
South Asia,,1997,38.31713104248047
South Asia,,1998,42.893218994140625
South Asia,,1999,43.90235900878906
South Asia,,2000,44.9304313659668
South Asia,,2001,45.71406173706055
South Asia,,2002,46.966041564941406
South Asia,,2003,47.83428955078125
South Asia,,2004,48.863258361816406
South Asia,,2005,48.05305099487305
South Asia,,2006,49.336181640625
South Asia,,2007,49.87897872924805
South Asia,,2008,51.68540954589844
South Asia,,2009,52.70362854003906
South Asia,,2010,55.72650146484375
South Asia,,2011,56.83430862426758
South Asia,,2012,57.46775817871094
South Asia,,2013,58.45438003540039
South Asia,,2014,59.463741302490234
South Asia,,2015,60.55537033081055
South Asia,,2016,62.1380500793457
South Asia,,2017,63.05276870727539
South Asia,,2018,63.72016143798828
South Asia,,2019,64.64469146728516
South Asia,,2020,65.55431365966797
South Korea,KOR,2008,97.61865997314453
South Sudan,SSD,2008,19.18638038635254
South Sudan,SSD,2018,28.864259719848633
Spain,ESP,1981,89.93692016601562
Spain,ESP,1991,95.0510025024414
Spain,ESP,2004,96.23088073730469
Spain,ESP,2005,96.9251480102539
Spain,ESP,2006,96.9748306274414
Spain,ESP,2007,97.26032257080078
Spain,ESP,2008,96.8868408203125
Spain,ESP,2009,96.92597198486328
Spain,ESP,2010,97.00450134277344
Spain,ESP,2011,97.06556701660156
Spain,ESP,2012,97.2180404663086
Spain,ESP,2013,97.44053649902344
Spain,ESP,2014,97.48735046386719
Spain,ESP,2015,97.54712677001953
Spain,ESP,2016,97.69535827636719
Spain,ESP,2018,97.9737777709961
Spain,ESP,2020,98.18704223632812
Sri Lanka,LKA,1981,82.02197265625
Sri Lanka,LKA,2001,89.13575744628906
Sri Lanka,LKA,2006,89.09134674072266
Sri Lanka,LKA,2008,89.07347106933594
Sri Lanka,LKA,2010,89.95867919921875
Sri Lanka,LKA,2016,91.4861068725586
Sri Lanka,LKA,2017,90.97074127197266
Sri Lanka,LKA,2018,90.79560089111328
Sri Lanka,LKA,2019,91.58087158203125
Sub-Saharan Africa,,1985,38.208778381347656
Sub-Saharan Africa,,1986,38.640541076660156
Sub-Saharan Africa,,1987,39.391029357910156
Sub-Saharan Africa,,1988,40.08518981933594
Sub-Saharan Africa,,1989,40.64448165893555
Sub-Saharan Africa,,1990,41.44646072387695
Sub-Saharan Africa,,1991,42.22896957397461
Sub-Saharan Africa,,1992,42.48038101196289
Sub-Saharan Africa,,1993,43.196998596191406
Sub-Saharan Africa,,1994,44.108699798583984
Sub-Saharan Africa,,1995,44.63127899169922
Sub-Saharan Africa,,1996,45.52098083496094
Sub-Saharan Africa,,1997,46.613868713378906
Sub-Saharan Africa,,1998,47.31983947753906
Sub-Saharan Africa,,1999,48.22608184814453
Sub-Saharan Africa,,2000,46.8165397644043
Sub-Saharan Africa,,2001,47.843048095703125
Sub-Saharan Africa,,2002,47.88446044921875
Sub-Saharan Africa,,2003,48.64146041870117
Sub-Saharan Africa,,2004,49.93925857543945
Sub-Saharan Africa,,2005,49.19551086425781
Sub-Saharan Africa,,2006,51.57551956176758
Sub-Saharan Africa,,2007,48.48125076293945
Sub-Saharan Africa,,2008,48.83784866333008
Sub-Saharan Africa,,2009,49.514549255371094
Sub-Saharan Africa,,2010,50.26076889038086
Sub-Saharan Africa,,2011,52.18458938598633
Sub-Saharan Africa,,2012,53.493289947509766
Sub-Saharan Africa,,2013,54.47018051147461
Sub-Saharan Africa,,2014,55.30461120605469
Sub-Saharan Africa,,2015,56.15330123901367
Sub-Saharan Africa,,2016,57.13505935668945
Sub-Saharan Africa,,2017,57.61819076538086
Sub-Saharan Africa,,2018,58.31703186035156
Sub-Saharan Africa,,2019,58.87860870361328
Sub-Saharan Africa,,2020,59.415199279785156
Sudan,SDN,2000,52.146400451660156
Sudan,SDN,2008,46.69963073730469
Sudan,SDN,2018,56.063228607177734
Suriname,SUR,2004,87.19744110107422
Suriname,SUR,2008,93.76537322998047
Suriname,SUR,2010,94.0035400390625
Suriname,SUR,2012,90.99790954589844
Suriname,SUR,2018,92.7120590209961
Syria,SYR,1981,37.05915832519531
Syria,SYR,2002,74.24044036865234
Syria,SYR,2004,73.62655639648438
Tajikistan,TJK,1989,96.64179992675781
Tajikistan,TJK,2000,99.22122955322266
Tajikistan,TJK,2014,99.69999694824219
Tanzania,TZA,1988,48.08802032470703
Tanzania,TZA,2002,62.17232131958008
Tanzania,TZA,2010,60.752620697021484
Tanzania,TZA,2012,73.34718322753906
Tanzania,TZA,2015,73.09382629394531
Thailand,THA,1980,83.89334869384766
Thailand,THA,2000,90.51602172851562
Thailand,THA,2005,91.52957153320312
Thailand,THA,2010,96.42704772949219
Thailand,THA,2013,92.24916076660156
Thailand,THA,2015,91.19193267822266
Thailand,THA,2018,92.42855834960938
Timor,TLS,2001,30
Timor,TLS,2007,42.5
Timor,TLS,2010,52.95899963378906
Timor,TLS,2018,64.2109375
Togo,TGO,2000,38.45328903198242
Togo,TGO,2006,44.37662887573242
Togo,TGO,2009,43.60689926147461
Togo,TGO,2011,47.97739028930664
Togo,TGO,2015,51.24177932739258
Togo,TGO,2019,55.05149841308594
Tonga,TON,1976,99.52552795410156
Tonga,TON,1996,98.97554779052734
Tonga,TON,2006,99.08251190185547
Tonga,TON,2011,99.43421936035156
Tonga,TON,2018,99.47502899169922
Trinidad and Tobago,TTO,1980,93.46417236328125
Trinidad and Tobago,TTO,1990,95.66178894042969
Trinidad and Tobago,TTO,2000,97.0999984741211
Trinidad and Tobago,TTO,2010,98.30000305175781
Tunisia,TUN,1984,35.76757049560547
Tunisia,TUN,2004,65.34786224365234
Tunisia,TUN,2007,68.5093765258789
Tunisia,TUN,2008,69.2093734741211
Tunisia,TUN,2010,71.08821105957031
Tunisia,TUN,2011,71.72959899902344
Tunisia,TUN,2012,72.16065216064453
Tunisia,TUN,2014,72.22377014160156
Turkey,TUR,1975,45.09891891479492
Turkey,TUR,1980,49.80641174316406
Turkey,TUR,1985,64.23171997070312
Turkey,TUR,1990,68.51966094970703
Turkey,TUR,2004,79.5816879272461
Turkey,TUR,2005,80.5489501953125
Turkey,TUR,2006,80.38516235351562
Turkey,TUR,2007,81.26383209228516
Turkey,TUR,2009,85.34716033935547
Turkey,TUR,2010,88.07317352294922
Turkey,TUR,2011,90.31009674072266
Turkey,TUR,2012,91.60452270507812
Turkey,TUR,2013,92.13807678222656
Turkey,TUR,2014,92.40181732177734
Turkey,TUR,2015,92.64581298828125
Turkey,TUR,2016,93.5630111694336
Turkey,TUR,2017,93.4982681274414
Turkey,TUR,2019,94.42404174804688
Turkmenistan,TKM,1995,98.26177215576172
Turkmenistan,TKM,2014,99.5999984741211
Uganda,UGA,1991,44.826690673828125
Uganda,UGA,2002,58.909881591796875
Uganda,UGA,2006,62.07897186279297
Uganda,UGA,2010,64.5914535522461
Uganda,UGA,2012,61.970428466796875
Uganda,UGA,2018,70.83805847167969
Ukraine,UKR,2001,99.17156982421875
Ukraine,UKR,2012,99.95819854736328
United Arab Emirates,ARE,1975,38.12487030029297
United Arab Emirates,ARE,1985,68.6612777709961
United Arab Emirates,ARE,2005,91.47474670410156
United Arab Emirates,ARE,2019,96.86031341552734
Upper middle income,,1976,59.003021240234375
Upper middle income,,1977,59.183509826660156
Upper middle income,,1978,60.22787857055664
Upper middle income,,1979,61.22602844238281
Upper middle income,,1980,61.819000244140625
Upper middle income,,1981,63.3129997253418
Upper middle income,,1982,64.12943267822266
Upper middle income,,1983,65.40348815917969
Upper middle income,,1984,66.59735870361328
Upper middle income,,1985,67.60436248779297
Upper middle income,,1986,68.59181213378906
Upper middle income,,1987,69.56139373779297
Upper middle income,,1988,73.95128631591797
Upper middle income,,1989,74.7220687866211
Upper middle income,,1990,75.06941223144531
Upper middle income,,1991,76.30052947998047
Upper middle income,,1992,77.00897979736328
Upper middle income,,1993,77.71138000488281
Upper middle income,,1994,78.37637329101562
Upper middle income,,1995,79.11354064941406
Upper middle income,,1996,79.75749206542969
Upper middle income,,1997,85.80296325683594
Upper middle income,,1998,86.36090850830078
Upper middle income,,1999,86.83470153808594
Upper middle income,,2000,87.20796966552734
Upper middle income,,2001,87.73795318603516
Upper middle income,,2002,88.0858383178711
Upper middle income,,2003,88.755126953125
Upper middle income,,2004,89.15791320800781
Upper middle income,,2005,89.62979125976562
Upper middle income,,2006,89.98798370361328
Upper middle income,,2007,91.19091033935547
Upper middle income,,2008,91.51101684570312
Upper middle income,,2009,91.99861145019531
Upper middle income,,2010,92.23368072509766
Upper middle income,,2011,92.53472900390625
Upper middle income,,2012,92.99816131591797
Upper middle income,,2013,93.08016967773438
Upper middle income,,2014,93.64112091064453
Upper middle income,,2015,93.53572082519531
Upper middle income,,2016,94.1047134399414
Upper middle income,,2017,94.2225112915039
Upper middle income,,2018,94.07109069824219
Upper middle income,,2019,94.31846618652344
Upper middle income,,2020,94.52037048339844
Uruguay,URY,1975,94.30451965332031
Uruguay,URY,1985,95.88153839111328
Uruguay,URY,1996,97.27095794677734
Uruguay,URY,2006,98.08435821533203
Uruguay,URY,2007,98.24192810058594
Uruguay,URY,2008,98.46366119384766
Uruguay,URY,2009,98.53372192382812
Uruguay,URY,2010,98.49095153808594
Uruguay,URY,2011,98.61907958984375
Uruguay,URY,2012,98.66055297851562
Uruguay,URY,2013,98.63642883300781
Uruguay,URY,2014,98.80905151367188
Uruguay,URY,2015,98.86746215820312
Uruguay,URY,2016,98.8503189086914
Uruguay,URY,2017,98.96391296386719
Uruguay,URY,2018,99.00773620605469
Uruguay,URY,2019,99.03526306152344
Uzbekistan,UZB,2000,98.13858032226562
Uzbekistan,UZB,2013,99.9958724975586
Uzbekistan,UZB,2014,99.97599029541016
Uzbekistan,UZB,2015,99.97576904296875
Uzbekistan,UZB,2016,99.97840881347656
Uzbekistan,UZB,2018,99.98587036132812
Uzbekistan,UZB,2019,99.99994659423828
Vanuatu,VUT,1979,47.782588958740234
Vanuatu,VUT,1984,53.70000076293945
Vanuatu,VUT,1994,65.5999984741211
Vanuatu,VUT,2004,76.19999694824219
Vanuatu,VUT,2014,83.19999694824219
Vanuatu,VUT,2018,86.70609283447266
Venezuela,VEN,1981,83.0046615600586
Venezuela,VEN,1990,89.00485229492188
Venezuela,VEN,2001,92.71598052978516
Venezuela,VEN,2007,94.92964172363281
Venezuela,VEN,2009,95.35040283203125
Venezuela,VEN,2011,95.02887725830078
Venezuela,VEN,2015,96.56006622314453
Venezuela,VEN,2016,97.21370697021484
Vietnam,VNM,1979,78.14038848876953
Vietnam,VNM,1989,82.82939147949219
Vietnam,VNM,1999,86.92008209228516
Vietnam,VNM,2000,86.610107421875
Vietnam,VNM,2009,91.37908935546875
Vietnam,VNM,2019,94.56565856933594
World,OWID_WRL,1976,58.42026138305664
World,OWID_WRL,1977,58.61988067626953
World,OWID_WRL,1978,59.18436050415039
World,OWID_WRL,1979,59.728919982910156
World,OWID_WRL,1980,60.09354019165039
World,OWID_WRL,1981,60.811790466308594
World,OWID_WRL,1982,61.37609100341797
World,OWID_WRL,1983,62.05170822143555
World,OWID_WRL,1984,62.721458435058594
World,OWID_WRL,1985,63.31182861328125
World,OWID_WRL,1986,63.855369567871094
World,OWID_WRL,1987,64.54350280761719
World,OWID_WRL,1988,66.58944702148438
World,OWID_WRL,1989,67.13362121582031
World,OWID_WRL,1990,67.4697494506836
World,OWID_WRL,1991,68.18643951416016
World,OWID_WRL,1992,68.65705871582031
World,OWID_WRL,1993,69.13553619384766
World,OWID_WRL,1994,69.66800689697266
World,OWID_WRL,1995,70.19751739501953
World,OWID_WRL,1996,70.73267364501953
World,OWID_WRL,1997,73.56365966796875
World,OWID_WRL,1998,74.71395874023438
World,OWID_WRL,1999,75.1602783203125
World,OWID_WRL,2000,75.3438720703125
World,OWID_WRL,2001,75.79277038574219
World,OWID_WRL,2002,76.2231216430664
World,OWID_WRL,2003,76.81378173828125
World,OWID_WRL,2004,77.29447937011719
World,OWID_WRL,2005,77.14740753173828
World,OWID_WRL,2006,77.8172836303711
World,OWID_WRL,2007,78.1115493774414
World,OWID_WRL,2008,78.6642074584961
World,OWID_WRL,2009,79.07054901123047
World,OWID_WRL,2010,79.80432891845703
World,OWID_WRL,2011,80.24646759033203
World,OWID_WRL,2012,80.6990737915039
World,OWID_WRL,2013,80.93791198730469
World,OWID_WRL,2014,81.52600860595703
World,OWID_WRL,2015,81.76899719238281
World,OWID_WRL,2016,82.30731201171875
World,OWID_WRL,2017,82.63961791992188
World,OWID_WRL,2018,82.72289276123047
World,OWID_WRL,2019,83.02391052246094
World,OWID_WRL,2020,83.29759979248047
Yemen,YEM,1994,17.059560775756836
Yemen,YEM,2004,35
Zambia,ZMB,1990,57.35776138305664
Zambia,ZMB,1999,59.80284881591797
Zambia,ZMB,2002,61.83927917480469
Zambia,ZMB,2007,51.78696823120117
Zambia,ZMB,2010,77.74664306640625
Zambia,ZMB,2018,83.08344268798828
Zimbabwe,ZWE,1982,71.85392761230469
Zimbabwe,ZWE,1992,78.51702117919922
Zimbabwe,ZWE,2011,80.06565856933594
Zimbabwe,ZWE,2014,88.28382873535156